Katharina,http://soundcloud.com/katharina,21649,170,Germany,Berlin,9
Eric üî•,http://soundcloud.com/eric,46490,303,Germany,Berlin,2
Hannes,http://soundcloud.com/hannes,23714,49,unknown_country,unknown_city,12
PederMannerfeltProduktion,http://soundcloud.com/the-subliminal-kid,32384,26,Sweden,Stockholm,56
Xhin,http://soundcloud.com/xhin,51662,28,Singapore,Singapore,95
Namito!,http://soundcloud.com/namito,48034,76,Germany,Berlin,103
Daniel Haaksman,http://soundcloud.com/daniel-haaksman,30556,85,Germany,Berlin,171
Quarion,http://soundcloud.com/quarion,31394,15,Germany,Berlin,208
drumpoet,http://soundcloud.com/drumpoet,33371,24,Switzerland,Zurich,212
Innervisions,http://soundcloud.com/innervisions,199022,22,Germany,Berlin,215
ben mono,http://soundcloud.com/benmono,40402,64,Germany,Berlin,256
ripperton,http://soundcloud.com/ripperton,106161,194,Aaland Islands,unknown_city,273
jazzysport,http://soundcloud.com/jazzysport,52648,90,Japan,tokyo,286
Session Victim,http://soundcloud.com/sessionvictim,55037,56,Germany,Berlin/Hamburg,278
Soundssupreme,http://soundcloud.com/beatdimensions,39815,1779,unknown_country,Monaco di Bavaria,293
compost,http://soundcloud.com/compost,73192,105,Germany,Munich,317
SHIR KHAN,http://soundcloud.com/shirkhan,20907,51,Germany,Berlin,334
Lindstr√∏m,http://soundcloud.com/feedelity,81023,66,Norway,Oslo,345
Delsin Records,http://soundcloud.com/delsinrecords,92117,119,Netherlands,Amsterdam,352
Korn√©l Kov√°cs,http://soundcloud.com/kornel,23800,42,Sweden,Stockholm,356
Marcus Worgull,http://soundcloud.com/marcusworgull,20858,8,Germany,K√∂ln,370
Lexx [Z√ºrich/Switzerland],http://soundcloud.com/lexx72,20100,3,Switzerland,Z√ºrich,493
lodemann,http://soundcloud.com/lodemann,28511,18,Germany,Berlin,502
City Slang,http://soundcloud.com/cityslang,85329,24,Germany,Berlin,540
moltke,http://soundcloud.com/moltke,22877,1034,Germany,Berlin,624
INKAL,http://soundcloud.com/inkal_records,24536,13,Germany,Berlin,667
Ibadan Records,http://soundcloud.com/ibadan,20837,16,United States,New York City,757
Dana Ruh,http://soundcloud.com/danaruh,21102,39,Germany,Berlin,806
willsaul,http://soundcloud.com/willsaul,54641,223,unknown_country,London,848
Funk D'Void/ Outpost,http://soundcloud.com/funkdvoid,85108,27,Spain,Barcelona,886
blende,http://soundcloud.com/blende,34653,10,unknown_country,London,882
Soma Records,http://soundcloud.com/soma,179715,184,Britain (UK),Glasgow,889
Luca Bacchetti,http://soundcloud.com/lucabacchetti,48594,22,Italy,unknown_city,876
Jimpster,http://soundcloud.com/jimpster,101965,43,unknown_country,Essex,884
Firecracker Recordings,http://soundcloud.com/firecracker-recordings,24460,305,unknown_country,Edinburgh,943
jaytripwire,http://soundcloud.com/jaytripwire,20706,24,Canada,Vancouver,1118
lefto,http://soundcloud.com/lefto,21564,18,Belgium,Brussels,1194
Peter Van Hoesen,http://soundcloud.com/petervanhoesen,26869,18,Germany,Berlin,1262
Daedelus,http://soundcloud.com/daedelus,153624,28,United States,Los Angeles,1371
Marc Poppcke,http://soundcloud.com/marcpoppcke,21136,492,Germany,Berlin,1395
Machinedrum,http://soundcloud.com/machinedrum,168959,116,United States,Los Angeles,1382
Experimedia,http://soundcloud.com/experimedia,32709,932,United States,"Kent, Ohio",1682
Sonar Kollektiv,http://soundcloud.com/sonar-kollektiv,46694,57,Germany,Berlin,1771
Connaisseur Recordings,http://soundcloud.com/alexconnaisseurrecordings,47462,65,Germany,Offenbach am Main,2153
Till von Sein,http://soundcloud.com/tillvonsein,48255,95,Germany,"61,Berlin",2556
Nuno Dos Santos,http://soundcloud.com/nunodossantos,24087,13,Netherlands,Utrecht,2574
HOSH,http://soundcloud.com/hosh,144096,22,Germany,Hamburg,2608
Ilario Alicante,http://soundcloud.com/ilario-alicante,43911,17,Germany,Berlin,2667
brendonmoeller,http://soundcloud.com/brendonmoeller,34831,97,United States,"patterson, NY",2721
Upon.You Records,http://soundcloud.com/uponyourecords,31952,101,Germany,Berlin,2746
discobelle,http://soundcloud.com/discobelle,1015064,6870,Sweden,Malm√∂,2772
Sunchase / 2222 Records,http://soundcloud.com/sunchase,23989,31,Ukraine,Kiev,2792
AKAMI,http://soundcloud.com/akamiofficial,29575,28,Italy,World,2854
Top Billin Music,http://soundcloud.com/topbillinmusic,31356,69,unknown_country,"European modest club kings, awesome label too.",3039
EINMUSIK,http://soundcloud.com/einmusik,86518,44,Germany,Berlin,3124
Boxon Records,http://soundcloud.com/boxon-records,92802,211,unknown_country,Bordeaux,3344
Sagi Kariv,http://soundcloud.com/sagikariv,28193,25,Israel,Tel Aviv,3476
Tailored Communication,http://soundcloud.com/melissa,57722,1542,Germany,Berlin,3595
Rampa,http://soundcloud.com/rampa,51302,259,Germany,Berlin,3762
GIGAMESH,http://soundcloud.com/gigamesh,102860,88,United States,Los Angeles,3900
"Darko Esser, Tripeo",http://soundcloud.com/darko-esser,34659,61,Netherlands,Nijmegen,3910
Answer Code Request,http://soundcloud.com/answercoderequest,24540,29,Germany,Berlin,4062
Robot Koch,http://soundcloud.com/robot-koch,51893,25,unknown_country,Berlin and  Los Angeles,4129
dapayk,http://soundcloud.com/dapayk,45945,13,Germany,Berlin,4141
Gomma,http://soundcloud.com/gomma,71530,22,Germany,Munich,4138
patrick kunkel,http://soundcloud.com/patrickkunkel,23004,31,Austria,Vienna,4149
DJ Bam Bam,http://soundcloud.com/djbambam,41413,8,United States,Chicago,4425
Gramatik,http://soundcloud.com/gramatik,511869,265,United States,NYC,4411
ianpooley,http://soundcloud.com/ianpooley,52277,50,Germany,Berlin,4455
SUB-human,http://soundcloud.com/subhumanmusic,25878,24,Australia,Melbourne,4575
Kompakt,http://soundcloud.com/kompakt,155483,11,Germany,Cologne,4634
Flux Pavilion,http://soundcloud.com/flux-pavilion,4255603,16,unknown_country,unknown_city,4800
Boreta,http://soundcloud.com/boreta,24134,22,United States,Los Angeles,4850
Great Stuff,http://soundcloud.com/great-stuff,57504,8,Germany,Munich,4868
!K7 Records,http://soundcloud.com/k7-records,71833,77,Germany,Berlin,4870
Diynamic Music,http://soundcloud.com/diynamic-music,102223,269,Germany,Hamburg,4894
SALVA,http://soundcloud.com/salva,144108,55,unknown_country,LA,4955
Pablo Bolivar,http://soundcloud.com/pablo-bolivar,25065,144,Spain,Barcelona,5001
Matthias Tanzmann,http://soundcloud.com/matthias-tanzmann,99644,146,Germany,Leipzig,5091
Sasse,http://soundcloud.com/sasse,70716,354,Germany,Berlin,5134
Oscar OZZ,http://soundcloud.com/oscar-karateklub,21258,21,Germany,Berlin,5222
The Black Madonna (Chi),http://soundcloud.com/theblackmadonna,43880,24,United States,Chicago,5334
Lee Van Dowski,http://soundcloud.com/lee-van-dowski,24550,54,Switzerland,Zurich,5327
axelboman,http://soundcloud.com/axelboman,56613,33,Sweden,Stockholm,5345
prinsthomas,http://soundcloud.com/prinsthomas,29341,46,Norway,Asker,5399
David Keno,http://soundcloud.com/david-keno,29930,71,Germany,Berlin,5452
Dirt Crew Recordings,http://soundcloud.com/dirt-crew,57207,865,Germany,Berlin,5453
catz n dogz,http://soundcloud.com/catzndogz,106123,59,Poland,Berlin / Szczecin,5802
Harvard Bass,http://soundcloud.com/harvardbass,30248,22,United States,San Diego,5788
Danny Daze,http://soundcloud.com/dannydaze,91666,22,United States,musique,5990
D.O.C. Records,http://soundcloud.com/doc_records,141843,20,Brazil,S√£o Paulo,6240
The Glitch Mob,http://soundcloud.com/theglitchmob,321185,46,United States,Los Angeles,6289
Chus & Ceballos,http://soundcloud.com/chusceballos,115602,114,Spain,Madrid,7007
Martyn Stewart,http://soundcloud.com/martynstewart,28495,2,United States,Redmond,7289
thoughtless,http://soundcloud.com/thoughtless,78516,24,Canada,Toronto,7308
lovebirds,http://soundcloud.com/lovebirds,41784,16,Germany,Berlin,7378
audiofly,http://soundcloud.com/audiofly,108099,30,Spain,barcelona,7532
Reid Speed,http://soundcloud.com/reidspeed,54142,120,United States,Los Angeles,7655
Robert Babicz,http://soundcloud.com/robbabicz,306360,58,Germany,Cologne,7713
lukesolomon,http://soundcloud.com/lukesolomon,24342,117,unknown_country,London,7971
Dennis Ferrer,http://soundcloud.com/dennis-ferrer,66725,5,United States,New York,8048
TENSNAKE,http://soundcloud.com/tensnake,162886,40,Germany,Berlin,8436
ben sims,http://soundcloud.com/ben-sims,67181,23,unknown_country,london,8588
Bok Bok,http://soundcloud.com/bokbok,33177,34,unknown_country,South London,8606
Sigward,http://soundcloud.com/sigward,77452,23,Germany,Berlin,8829
Adrian Lux,http://soundcloud.com/adrianlux,75162,43,Sweden,Stockholm,8899
Mark Farina,http://soundcloud.com/djmarkfarina,60293,36,United States,San Francisco,8895
StereoHeroes,http://soundcloud.com/stereoheroes,22268,9,France,Around the world,8987
ZDS (Zombie Disco Squad ),http://soundcloud.com/zombiediscosquad,32994,57,Britain (UK),London,9487
Dirty Freek,http://soundcloud.com/dirtyfreek,34642,8,unknown_country,mgmt: jane@janetarrago.co.uk,9508
xxxy,http://soundcloud.com/xxxy,53056,86,Germany,Berlin,9715
DOCO,http://soundcloud.com/doco,20268,107,United States,Beverly Hills,9735
sam binga,http://soundcloud.com/sam_binga,23277,65,unknown_country,Bristol,9833
Cari Lekebusch,http://soundcloud.com/carilekebusch,55152,10,Sweden,Stockholm,9879
C√≥meme,http://soundcloud.com/comeme,63133,190,unknown_country,"SANTIAGO DE CHILE, COLONIA, BUENOS AIRES, LONDRES, MEDELL√çN...",10016
drumcell,http://soundcloud.com/drumcell,36400,5,United States,L.A,10244
CID INC,http://soundcloud.com/cid-inc,32625,52,Finland,unknown_city,10285
Rico Tubbs,http://soundcloud.com/rico,24875,58,Finland,Tampere,10305
pangaea,http://soundcloud.com/pangaea,24643,10,Britain (UK),London,10626
Hypercolour,http://soundcloud.com/hypercolour_glasstable,34749,76,unknown_country,Bristol/ London/ Leeds,11356
Wax Motif,http://soundcloud.com/waxmotif,56484,14,unknown_country,LAX x SYD ,11978
jozif,http://soundcloud.com/jozif,23847,43,unknown_country,London,12117
Dub Elements,http://soundcloud.com/dub-elements,23132,28,Spain,Seville,12237
gillespeterson,http://soundcloud.com/gillespeterson,3578608,28,unknown_country,London,12767
W E H B B Œõ,http://soundcloud.com/wehbba,61341,104,unknown_country,wehbba.com,13013
lucy,http://soundcloud.com/lucy,34032,14,Germany,Berlin,13599
Guy J,http://soundcloud.com/guy-j,113307,11,Israel,Tel Aviv,13640
tommyfourseven,http://soundcloud.com/tommyfourseven,35516,20,Germany,Berlin,13647
Broombeck,http://soundcloud.com/broombeck,22297,96,Germany,Mainz,13683
Maelstrom,http://soundcloud.com/maelstrom,23534,31,France,unknown_city,13925
Miguel Bastida,http://soundcloud.com/miguel_bastida,34080,40,Spain,Suara/Saved/Sci-Tec/Be One Records,14186
Tech Itch Recordings,http://soundcloud.com/techitch,36077,12,Britain (UK),Bristol,14409
The Upbeats,http://soundcloud.com/theupbeats,76095,21,New Zealand,Wellington,14438
Numbers,http://soundcloud.com/nmbrs,104083,46,unknown_country,Glasgow / London,14528
DIRTYBIRD,http://soundcloud.com/dirtybirdrecords,193365,56,United States,unknown_city,14510
edIT,http://soundcloud.com/edit,44283,10,United States,Los Angeles,14556
Move D,http://soundcloud.com/move-d,68938,116,Germany,Heidelberg,14567
Shifted,http://soundcloud.com/shifted,26253,30,Britain (UK),unknown_city,14582
Metalheadz,http://soundcloud.com/metalheadz,109841,115,Britain (UK),London,14578
Optiv,http://soundcloud.com/optiv,36056,74,Switzerland,Bern,14651
Serum,http://soundcloud.com/serum,22411,79,unknown_country,London,14722
Mad Decent,http://soundcloud.com/maddecent,6101811,319,United States,Los Angeles,14730
kellerkind,http://soundcloud.com/kellerkind,38939,42,Switzerland,Solothurn,14755
Mayhem,http://soundcloud.com/mayhem,105396,46,unknown_country,Atlanta,14766
BRO SAFARI,http://soundcloud.com/brosafari,377561,25,United States,Texas,14801
WOLF Music,http://soundcloud.com/nysoul,35316,123,Britain (UK),Brighton,14904
Mindscape,http://soundcloud.com/mindscape,20228,36,Hungary,Budapest,14943
Med School Music,http://soundcloud.com/medschoolmusic,35746,106,unknown_country,London,15095
Christian Smith Official,http://soundcloud.com/christiansmith,61755,36,Sweden,unknown_city,15224
Martin Eyerer,http://soundcloud.com/martineyerer,30602,93,Germany,Berlin,15383
The Aston Shuffle,http://soundcloud.com/theastonshuffle,32048,45,unknown_country,Canberra & New York,15481
Einmusika Recordings,http://soundcloud.com/einmusika-recordings,31677,277,Germany,Berlin,15516
Mihalis Safras,http://soundcloud.com/mihalissafras,24738,70,Britain (UK),London,16679
All About House,http://soundcloud.com/allabouthouse,30825,919,unknown_country,"‚âà All about House, Tech House, Deep House, Soulful House, Classic House & Techno ‚âà ",17027
The Revenge,http://soundcloud.com/the-revenge,34402,71,unknown_country,Glasgow,17597
David Mayer,http://soundcloud.com/david-michael-mayer,24805,124,Germany,Berlin,17629
Fort Knox Five,http://soundcloud.com/fortknoxfive,34068,65,United States,Washington DC,17702
nguzunguzu,http://soundcloud.com/nguzunguzu,34888,39,United States,LA,17812
Morgan Page,http://soundcloud.com/morganpage,151502,78,United States,Los Angeles,18228
Microtrauma,http://soundcloud.com/microtrauma,21322,16,Germany,Chemnitz,18240
BRIAN SANHAJI,http://soundcloud.com/brian-sanhaji,30009,8,Germany,FRANKFURT,18753
Florian Meindl,http://soundcloud.com/florian-meindl,63374,37,Germany,Berlin,18780
Crosstown Rebels,http://soundcloud.com/crosstownrebels,120981,187,unknown_country,unknown_city,19069
Slam,http://soundcloud.com/paragraph,24736,62,unknown_country,Glasgow,19090
X-Change,http://soundcloud.com/x_change,20342,196,unknown_country,Los Angeles,19225
Ramon Tapia,http://soundcloud.com/ramon-tapia,61348,113,Belgium,Antwerp,19978
BRIAN SANHAJI,http://soundcloud.com/brian-sanhaji,30009,8,Germany,FRANKFURT,18753
Florian Meindl,http://soundcloud.com/florian-meindl,63374,37,Germany,Berlin,18780
Crosstown Rebels,http://soundcloud.com/crosstownrebels,120981,187,unknown_country,unknown_city,19069
Slam,http://soundcloud.com/paragraph,24736,62,unknown_country,Glasgow,19090
X-Change,http://soundcloud.com/x_change,20342,196,unknown_country,Los Angeles,19225
Ramon Tapia,http://soundcloud.com/ramon-tapia,61347,113,Belgium,Antwerp,19978
Kissy Sell Out,http://soundcloud.com/kissysellout,26039,23,Britain (UK),"Shoreditch, East London",20005
Kill Them With Colour,http://soundcloud.com/killthemwithcolour,33844,19,unknown_country,unknown_city,20475
Lektrique,http://soundcloud.com/lektrique,25991,28,Belgium,Brussels,21260
SON OF KICK,http://soundcloud.com/sonofkick,38480,18,unknown_country,Earth,21582
calvertron,http://soundcloud.com/calvertron,43296,122,unknown_country,unknown_city,21759
Martyn @ 3024,http://soundcloud.com/3024world,24215,3,United States,DC METRO AREA,22086
Markantonio,http://soundcloud.com/markantonio,22532,280,Italy,Napoli,22729
JOE KAY,http://soundcloud.com/joekay,68306,6,United States,Los Angeles,23071
Technimatic,http://soundcloud.com/technimatic,25698,26,unknown_country,London,23409
XINOBI,http://soundcloud.com/xinobi,33424,90,Portugal,Lisbon,23555
BOTTIN,http://soundcloud.com/bottin,25884,22,Italy,Venice,23821
Œõrjun Vagale,http://soundcloud.com/arjun-jalebee,21394,31,unknown_country,NO MSGS ON SOUNDCLOUD PLEASE,25445
Hollen,http://soundcloud.com/hollen,22267,15,Italy,Pompei (Na),25494
REKIDS,http://soundcloud.com/rekids,47574,26,Germany,Berlin,25944
Designer Drugs Official,http://soundcloud.com/designerdrugs,49041,139,United States,New York,26108
CRAZE,http://soundcloud.com/crazearoni,65954,28,United States,"Miami, Florida",26123
ill-esha,http://soundcloud.com/ill-esha,40395,67,United States,Denver,26148
Treasure Fingers,http://soundcloud.com/treasurefingers,52886,115,United States,Atlanta,26281
Axel Karakasis,http://soundcloud.com/axel-karakasis,20279,11,Greece,Athens,26393
STEVE LAWLER,http://soundcloud.com/steve-lawler,130073,14,unknown_country,Birmingham,26595
D-Nox & Beckers,http://soundcloud.com/d-nox_beckers,110318,39,Germany,Berlin & Essen,27248
Reset Robot,http://soundcloud.com/reset-robot,24707,58,Britain (UK),Blueprint Artists: bookings@blueprintartists.com,27274
Cosmin TRG,http://soundcloud.com/trg,29427,17,Germany,Berlin,28700
Cr2 Records,http://soundcloud.com/cr2records,76940,502,unknown_country,London,28743
Electronic Groove,http://soundcloud.com/egroove,40895,119,United States,Miami,28892
Black Sun Empire,http://soundcloud.com/blacksunempire,91089,60,Netherlands,Utrecht,30296
Gabe,http://soundcloud.com/gabe,142650,142,Brazil,Sao Paulo,30870
Carlo Lio,http://soundcloud.com/carlolio,52972,20,Canada,Toronto,30860
Truss // MPIA3,http://soundcloud.com/truss,21352,76,unknown_country,London,30986
Felguk,http://soundcloud.com/felguk,101080,10,unknown_country,Rio de Janeiro,31024
Joey Negro,http://soundcloud.com/joeynegro,67466,10,unknown_country,London,31387
Amine Edge & DANCE,http://soundcloud.com/amineedgeanddance,242367,72,France,London / Marseille,31857
Fernanda Martins,http://soundcloud.com/djfernandamartins,32743,206,Brazil,Around,32131
Kaiserdisco (OFFICIAL),http://soundcloud.com/kaiserdisco,70480,67,Germany,Hamburg,32206
Painkiller,http://soundcloud.com/painkiller-roy,30286,16,Spain,barcelona,32318
Simon Shreeve | M√∏nic,http://soundcloud.com/monic_uk,29972,37,unknown_country,unknown_city,33141
Critical Music,http://soundcloud.com/critical-music,63045,343,unknown_country,London,33226
Uto Karem,http://soundcloud.com/uto-karem,55358,5,Italy,unknown_city,33303
Perc,http://soundcloud.com/perc,46187,54,unknown_country,unknown_city,33658
BAGGI,http://soundcloud.com/baggiofficial,20316,27,Netherlands,Rotterdam,34365
Alan Fitzpatrick,http://soundcloud.com/alanfitzpatrick,130115,41,Britain (UK),Southampton,34492
Downlink,http://soundcloud.com/downlink,107141,37,Canada,Kelowna,35211
Black Jazz Consortium,http://soundcloud.com/black-jazz-consortium,28680,63,United States,New York,35303
Figure,http://soundcloud.com/figure,197861,48,United States,Evansville,35945
j.phlip,http://soundcloud.com/jphlip,35729,21,United States,portland/san francisco,36141
jodywisternoff,http://soundcloud.com/jodywisternoff,45434,28,unknown_country,Bristol,36590
Featurecast,http://soundcloud.com/featurecast,77236,429,unknown_country,Southampton,36797
fredeverything,http://soundcloud.com/fredeverything,21530,40,Canada,Montreal,37721
Cause4Concern Recordings,http://soundcloud.com/cause4concern-recordings,24727,22,unknown_country,London,37865
FaltyDL,http://soundcloud.com/faltydl,47975,51,United States,New York,37976
Panic City,http://soundcloud.com/paniccitymusic,34042,9,unknown_country,The Bay,38475
Alkalino,http://soundcloud.com/alkalino,31703,127,unknown_country,Munich ,38691
Boys Noize,http://soundcloud.com/boysnoize,241164,135,Germany,Berlin,39564
Douglas Greed,http://soundcloud.com/douglasgreed,21018,52,Germany,Berlin,40154
Tom Hades,http://soundcloud.com/tomhades,22214,46,Belgium,Ezemaal,40794
spin_twist_records,http://soundcloud.com/spin_twist_records,47556,126,Germany,Ludwigslust,40840
djnickwarren,http://soundcloud.com/djnickwarren,81266,73,unknown_country,bristol,41173
Vibe Tribe,http://soundcloud.com/vibetribe,57040,3,Israel,unknown_city,41675
David Puentez,http://soundcloud.com/djdavidpuentez,25275,18,Germany,Cologne,41905
Keinemusik,http://soundcloud.com/keinemusik,63061,151,Germany,Berlin,42109
Adam Port,http://soundcloud.com/adam-port,65315,18,Germany,Berlin,42669
Luigi Rocca,http://soundcloud.com/luigirocca,26989,11,Italy,Turin,42693
Riva Starr - SNATCH! REC,http://soundcloud.com/rivastarr,86142,96,unknown_country,London,42992
Arts & Crafts,http://soundcloud.com/artsandcrafts,129570,61,Canada,Toronto,43546
SPL,http://soundcloud.com/spl,34032,39,United States,Los Angeles,43837
PIEK,http://soundcloud.com/piek,44775,39,Spain,Elizondo,44593
djmag,http://soundcloud.com/djmag,87953,27,unknown_country,London,45274
Matrixxman,http://soundcloud.com/matrixxman,24073,14,United States,San Francisco,45343
Hectic Official,http://soundcloud.com/hecticmusic,582349,73,unknown_country,London,45536
Felix Cartal,http://soundcloud.com/felixcartal,299248,77,Canada,Vancouver,45715
Ilan Bluestone,http://soundcloud.com/ibluestone,44820,32,Britain (UK),Twitter: @ibluestone instagram: @ibluestone Snapchat: @ibluestone ,46046
Furious Labs Productions,http://soundcloud.com/furious-labs,23012,1,Japan,Uruma City,46228
mixnblend,http://soundcloud.com/mixnblend,110505,54,South Africa,Cape Town,47412
DC Rap,http://soundcloud.com/rap,20748,302,United States,"Washington, DC",48072
NastyNasty,http://soundcloud.com/jaspey,32123,13,United States,Bay Area,48202
Helena Legend,http://soundcloud.com/helenalegend,26849,23,unknown_country,Los Angeles ,48310
NuKid ¬©,http://soundcloud.com/nukidofficial,38094,8,unknown_country,Los Angeles,49463
Sebjak,http://soundcloud.com/sebjak,32729,52,Sweden,Stockholm,49671
Henry Saiz,http://soundcloud.com/henry-saiz,63096,42,unknown_country,unknown_city,49940
Rebekah,http://soundcloud.com/rebekah,41762,27,Britain (UK),Birmingham,50657
MIKE LA FUNK,http://soundcloud.com/mikelafunk,23100,348,unknown_country,Booking: Info@Mikelafunk.de,50702
Tanner Ross,http://soundcloud.com/tannerross,24051,265,United States,New Jersey,50854
Ron Costa,http://soundcloud.com/roncosta,22709,9,France,Paris,51761
Beatamines,http://soundcloud.com/beatamines,23433,37,Germany,Berlin,52149
microcastle,http://soundcloud.com/microcastle,29724,9,Canada,unknown_city,54274
Freude am Tanzen,http://soundcloud.com/freudeamtanzen,91083,177,Germany,Jena,54952
supernova,http://soundcloud.com/supernova,25810,93,Italy,Florence,54976
Skitzofrenix,http://soundcloud.com/skitzofrenix,20807,32,unknown_country,Amsterdam,54998
Mad Maxx,http://soundcloud.com/mad-maxx,33729,31,Spain,Barcelona,55105
Thomas Schumacher,http://soundcloud.com/thomas-schumacher,46667,37,Germany,Berlin,56141
Spada,http://soundcloud.com/spada,27824,54,Czech Republic,Prague,56493
ALL GOOD FUNK ALLIANCE,http://soundcloud.com/all-good-funk-alliance,23557,40,United States,Washington DC and Tahoe CA,56512
Deekline,http://soundcloud.com/djdeekline,46037,18,Britain (UK),London,57038
flow-zeo,http://soundcloud.com/flow-zeo,33634,22,Brazil,Rio de Janeiro,57319
Glasgow Underground,http://soundcloud.com/glasgowunderground,26036,94,unknown_country,London,57650
Cleopatra Records,http://soundcloud.com/cleopatra-recs,71155,21,United States,West Los Angeles,57929
Ruede Hagelstein,http://soundcloud.com/ruede,21796,112,Germany,Berlin,57977
SteveBug,http://soundcloud.com/stevebug,62149,101,Germany,Berlin,57995
Data Transmission,http://soundcloud.com/data-transmission,81358,217,unknown_country,London,59405
DubRocca,http://soundcloud.com/dubrocca,35475,31,unknown_country,England,60197
Get Physical Music,http://soundcloud.com/get-physical-music,98604,591,Germany,Berlin,60312
Borgore,http://soundcloud.com/borgore,3864872,38,unknown_country,Tel Aviv,60663
Samurai Music,http://soundcloud.com/samuraimusicgroup,28231,338,Germany,Berlin,60688
Neon Steve,http://soundcloud.com/neonsteve,27306,120,Canada,Victoria,61320
Spartaque,http://soundcloud.com/spartaque,57160,98,Ukraine,Kiev,61676
gregwilson,http://soundcloud.com/gregwilson,71836,39,unknown_country,unknown_city,62290
Fox Stevenson,http://soundcloud.com/foxstevenson,112230,24,unknown_country,Leeds,62864
DUMMY,http://soundcloud.com/dummymag,28719,1072,Britain (UK),London,64034
NTS,http://soundcloud.com/nts_live,34818,384,unknown_country,London,64049
Turbo Recordings,http://soundcloud.com/turborecordings,80470,193,Canada,Montreal,64433
Midland,http://soundcloud.com/midland,62744,90,Britain (UK),London ,66136
Dispatch Recs | Ant TC1,http://soundcloud.com/anttc1,31890,147,unknown_country,Leeds,66177
Jayceeoh,http://soundcloud.com/jayceeoh,99533,42,unknown_country,Los Angeles,67248
Avatism,http://soundcloud.com/avatism,34501,30,Italy,Milan,68663
Ardalan,http://soundcloud.com/ardalann,25350,41,United States,San Francisco,69512
Random Rab,http://soundcloud.com/random-rab,36521,11,United States,unknown_city,70115
Solaris,http://soundcloud.com/solaris,25719,16,Brazil,unknown_city,70380
Rinkadink,http://soundcloud.com/rinkadink,53075,2,unknown_country,unknown_city,70678
RAC,http://soundcloud.com/rac,5589232,105,United States,"Portland, OR",70692
Burn in Noise,http://soundcloud.com/burninnoise,42922,28,Brazil,Bras√≠lia,70695
Niko Schwind,http://soundcloud.com/nikoschwind,21259,53,Germany,Berlin,70755
Freerange,http://soundcloud.com/freerangerecords,31446,14,unknown_country,London,71484
Nano Records,http://soundcloud.com/nano-records,51763,182,unknown_country,Cape Town / London,71638
MANIK,http://soundcloud.com/manik_nyc,41409,70,unknown_country,"LA/Queens, New York",71931
ENEI,http://soundcloud.com/enei,35673,125,Russia,St. Petersburg,72303
VictorRuiz,http://soundcloud.com/victorruiz,179352,29,Brazil,S√£o Paulo,72528
Pappenheimer,http://soundcloud.com/pappenheimer,50183,18,unknown_country,W√ºrzburg,73143
Bukez Finezt,http://soundcloud.com/bukezfinezt,41149,160,Germany,Berlin,73460
&ME,http://soundcloud.com/andmeandyou,73715,55,Germany,Berlin,73496
Music Mount (Promo / Spinnin' hot Records),http://soundcloud.com/musicmount,30967,2600,Britain (UK),‚ô•Premium Music Promo‚ô• Nghtmre‚ô•The Chainsmokers‚ô•All styles of EDM‚ô•Hybrid Trap‚ô•mixmag‚ô•Moombahton‚ô•Thissongissick.com‚ô•Spotify Plays,73652
InFin√© Music,http://soundcloud.com/infine-music,20747,37,France,"Paris, Berlin, London",73669
Job Jobse,http://soundcloud.com/jobjobse,26922,14,Netherlands,Amsterdam,74938
Audio Injection,http://soundcloud.com/audioinjection,23373,77,United States,Los Angeles,75620
NEO FRESCO,http://soundcloud.com/neofresco,21195,12,unknown_country,LAX via PDX,76659
Burnski,http://soundcloud.com/burnskipower,31668,20,unknown_country,unknown_city,77487
Deep Space Orchestra / DSO,http://soundcloud.com/deepspaceorchestra,20437,81,unknown_country,Liverpool / Manchester / Glasgow ,77832
Billain,http://soundcloud.com/billain,27807,26,Bosnia & Herzegovina,Sarajevo,78443
Marcapasos,http://soundcloud.com/marcapasos,49397,43,Germany,Leipzig,78954
Star Slinger,http://soundcloud.com/starslingeruk,361341,18,unknown_country,Nottingham,79481
Moon Harbour,http://soundcloud.com/moon-harbour,43066,173,Germany,Leipzig,79977
Vakula,http://soundcloud.com/vakula,26774,2,Ukraine,Konotop,80227
VASKI,http://soundcloud.com/vaski,56537,13,United States,Los Angeles ,80271
Mollono.Bass,http://soundcloud.com/mollonobass,24901,28,Germany,unknown_city,82512
Daisuke Tanabe,http://soundcloud.com/daisuketanabe,25783,16,Japan,unknown_city,84234
David Jach,http://soundcloud.com/davidjach,25071,25,Germany,unknown_city,85848
Hanne & Lore,http://soundcloud.com/hanne-lore,47796,20,Germany,Herford,85963
Toolroom Records,http://soundcloud.com/toolroomrecords,137658,218,unknown_country,ALL DEMOS ‚Üí http://www.label-worx.com/demo/toolroom,87139
Toro y Moi,http://soundcloud.com/toroymoi,5040060,24,United States,"Columbia, South Carolina",87783
Bare Noize,http://soundcloud.com/barenoize,71075,25,Britain (UK),London,87867
Attaboy,http://soundcloud.com/attaboy,47223,15,unknown_country,Moscow,88875
MARK INSTINCT,http://soundcloud.com/mark_instinct,27656,50,Canada,Calgary ,90364
D A Z Z O,http://soundcloud.com/dazzomusic,59366,24,Brazil,Indaiatuba,90836
RAUMAKUSTIK,http://soundcloud.com/raumakustik,21573,37,Germany,Dresden,90824
Detroit Swindle,http://soundcloud.com/detroitswindle,106468,295,Netherlands,Amsterdam,91162
Dani Masi,http://soundcloud.com/danimasi,59386,2,Spain,Barcelona,91697
Liquid Stranger,http://soundcloud.com/liquidstranger,165627,31,United States,Scottsdale,93783
NTFO,http://soundcloud.com/ntfo,56216,67,Romania,Timisoara,94106
Simplify.,http://soundcloud.com/simplifyrecs,26714,18,unknown_country,unknown_city,94374
UNER,http://soundcloud.com/uner,37725,24,Spain,Lleida,94744
Helicopter Showdown,http://soundcloud.com/helicoptershowdown,57311,34,United States,"San Francisco, CA",94994
Brown & Gammon,http://soundcloud.com/brownandgammon,32293,17,unknown_country,Essex,95870
Ninja Tune,http://soundcloud.com/ninja-tune,5560571,351,Britain (UK),London,95982
gorge,http://soundcloud.com/gorge,28301,28,Germany,Mannheim,96906
Italo Business,http://soundcloud.com/info-italobusiness-com,24955,9,Italy,Cervia,97687
The Knocks,http://soundcloud.com/theknocks,83185,86,United States,New York,98194
Freddy Todd,http://soundcloud.com/freddytodd,27381,7,unknown_country,Detroit,98398
DJ HAUS üçÑ UTTU üåê HOT HAUS,http://soundcloud.com/djhausuttu,23620,204,unknown_country,unknown_city,100325
20/20 Vision,http://soundcloud.com/2020visionrecordings,51665,149,unknown_country,Leeds,100981
SCHLEPP GEIST,http://soundcloud.com/schleppgeist,23739,85,Germany,"Leipzig, Berlin",101362
INVERTED AUDIO,http://soundcloud.com/inverted-audio,26430,84,unknown_country,London,101838
DJ Grumble,http://soundcloud.com/gbeats,24953,35,United States,STL,101932
Mike G,http://soundcloud.com/gomikeg,22351,21,United States,Los Angeles,102831
atish,http://soundcloud.com/atish,32871,14,United States,San Francisco,103644
Black Acre,http://soundcloud.com/black-acre-records,28704,71,unknown_country,Bristol,103748
ETC!ETC!,http://soundcloud.com/etc-etc,143094,21,United States,LOS ANGELES,103897
Oscar Aguilera,http://soundcloud.com/oscar-aguilera,22027,13,Spain,Barcelona,104809
tommiesunshine,http://soundcloud.com/tommiesunshine,57140,349,United States,"Brooklyn, New York",105292
Andre Crom,http://soundcloud.com/andre-crom,34073,117,Germany,Berlin,105375
Spektre,http://soundcloud.com/spektrelive,35160,72,unknown_country,Leeds / Sheffield,105409
AMTRAC,http://soundcloud.com/amtrac,85517,41,unknown_country,unknown_city,105718
Max Vangeli,http://soundcloud.com/maxvangeli,47104,81,United States,unknown_city,105907
Stephan Jacobs,http://soundcloud.com/stephan-jacobs,148966,35,United States,"Los Angeles, CA",107011
an-ten-nae,http://soundcloud.com/an-ten-nae,41736,65,United States,Oakland,109165
Soundbigg,http://soundcloud.com/soundbigg,733010,9,Germany,Stuttgart,109524
GRiZ,http://soundcloud.com/griz,325167,3,United States,Detroit,110021
Emancipator,http://soundcloud.com/emancipator,89606,33,United States,"Portland, OR",111998
Mochipet,http://soundcloud.com/mochipet,22054,19,United States,Daly City,112415
Crystal Fighters,http://soundcloud.com/crystalfighters,2350976,5,unknown_country,London,114019
PETDuo,http://soundcloud.com/petduo,21134,41,Germany,Berlin,114297
NEUS,http://soundcloud.com/neus,59202,10,France,Bastia,114572
Ryan Hemsworth,http://soundcloud.com/ryanhemsworth,169221,13,unknown_country,Toronto,114629
Mel√©,http://soundcloud.com/ukmele,39040,22,unknown_country,Merseyside/LDN,114680
NOISIA,http://soundcloud.com/noisia,3998137,127,unknown_country,unknown_city,116681
Audiojack (Official),http://soundcloud.com/audiojackofficial,66863,17,unknown_country,Leeds ‚Üí Ibiza,117375
Throwing Snow,http://soundcloud.com/throwingsnow,30268,585,Britain (UK),Bristol/London/Weardale,118334
R & S Records,http://soundcloud.com/r-srecords,62460,142,unknown_country,London,119228
Sam Divine,http://soundcloud.com/djsamdivine,53350,66,unknown_country,London,120506
S√©bastien L√©ger,http://soundcloud.com/sebastienleger,78100,16,France,"Paris, Tokyo",121784
Stafford Brothers,http://soundcloud.com/staffordbrothers,31738,23,Australia,Los Angeles,121884
Bit Funk,http://soundcloud.com/iknowbitfunk,40937,6,United States,Brooklyn,121998
huxley,http://soundcloud.com/huxley_uk,104412,74,unknown_country,London,122267
Miyagi,http://soundcloud.com/miyagi,29845,31,Germany,Hamburg,122724
KASPER BJ√òRKE,http://soundcloud.com/kasperbjorke,25845,92,unknown_country,COPENHAGEN,122766
Above & Beyond,http://soundcloud.com/aboveandbeyond,414546,228,unknown_country,London,124286
Darin Epsilon,http://soundcloud.com/darinepsilon,25092,63,unknown_country,Berlin ‚Ä¢ Los Angeles ‚Ä¢ Chicago,126005
refunemusic,http://soundcloud.com/refunemusic,47583,33,Sweden,Stockholm,127989
Oliver Koletzki,http://soundcloud.com/oliverkoletzki,160982,470,Germany,Berlin,129533
SynSUN,http://soundcloud.com/synsun,35379,2,Belgium,unknown_city,131324
GIMMETINNITUS,http://soundcloud.com/gimmetinnitus,28362,2479,United States,Brooklyn,132959
KLAUDIA GAWLAS,http://soundcloud.com/klaudiagawlas,46977,9,Germany,Passau,133456
Sashwat ‚òÖ Dubstep,http://soundcloud.com/sashwat,488415,242,United States,"San Jose, CA",133935
Tim Ismag,http://soundcloud.com/timismag,52917,77,United States,"Rottun, Firepower, Play Me.",134201
Lazy Rich,http://soundcloud.com/lazy-rich,65627,66,Canada,Vancouver,137600
Smalltown DJs,http://soundcloud.com/smalltowndjs,23110,35,Canada,Rocky View No 44,138673
Ti√´sto,http://soundcloud.com/tiesto,1879386,40,Netherlands,Amsterdam,141707
Phanatic,http://soundcloud.com/phanatic,35436,5,Israel,unknown_city,143121
EARMILK,http://soundcloud.com/earmilk,71823,1855,United States,San Francisco,143760
Digitaria,http://soundcloud.com/digitaria,30331,15,Spain,"Belo Horizonte, Brasil / Barcelona ",145516
Gianni Marino,http://soundcloud.com/giannimarino,22938,46,Netherlands,Amsterdam,148197
Adam Foster,http://soundcloud.com/adamfostermusic,26777,85,United States,Miami,148393
ohbliv,http://soundcloud.com/ohbliv,26192,59,United States,Richmind VA,149093
protoculture,http://soundcloud.com/protoculture,27511,4,South Africa,Cape Town,150823
Sander Kleinenberg,http://soundcloud.com/sanderkleinenberg,41226,8,Netherlands,Amsterdam,151231
Endymion,http://soundcloud.com/endymionmusic,30938,72,Netherlands,unknown_city,151388
DJ Shwann ‚úÖ,http://soundcloud.com/dj-shwann,145424,52,unknown_country,unknown_city,151621
laurajones,http://soundcloud.com/laurajones,23185,220,unknown_country,Leeds,151803
Konichi,http://soundcloud.com/konichiuk,26313,44,unknown_country,Cheltenham,152080
Marc DePulse,http://soundcloud.com/marc-depulse,33706,45,Germany,Leipzig,155165
Ace Ventura,http://soundcloud.com/schatsi,204654,88,Switzerland,Kerns,155979
Gouranga,http://soundcloud.com/gouranga,771354,129,unknown_country,unknown_city,156013
The Frim,http://soundcloud.com/thefrim,36929,22,United States,Middlebury,156859
Phantasy,http://soundcloud.com/phantasysound,21628,218,unknown_country,London,156865
joni void,http://soundcloud.com/joni_void,26578,42,France,"Montr√©al, Qu√©bec / Lille",157542
fabriciopecanha,http://soundcloud.com/fabriciopecanha,37243,18,Brazil,Porto Alegre,158291
Doc Scott,http://soundcloud.com/docscott31,22204,102,unknown_country,EARTH,158721
george privatti,http://soundcloud.com/georgeprivatti,20839,144,Spain,Barcelona,159836
DAVE LUXE,http://soundcloud.com/dave-luxe,24494,14,Belgium,Brussels,159868
The_Widdler,http://soundcloud.com/the_widdler,28879,108,United States,Austin,161370
Min & Mal,http://soundcloud.com/minandmalofficial,31556,3,unknown_country,unknown_city,161939
Denis A,http://soundcloud.com/denis-a,26560,22,unknown_country,Moscow,163032
Sashaofficial,http://soundcloud.com/sashaofficial,142956,60,unknown_country,London,164697
Sam Redmore,http://soundcloud.com/samredmore,740966,2,Britain (UK),Birmingham,165779
KRADDY,http://soundcloud.com/kraddy,30549,9,United States,"Venice, CA",165978
Shockone,http://soundcloud.com/shockone,35948,177,Australia,Perth / London,166122
Funkanomics,http://soundcloud.com/funkanomics,28118,12,Germany,"Lindau, Ravensburg",166917
selftitledmag,http://soundcloud.com/selftitledmag,29670,316,United States,Buffalo,167094
slugabed,http://soundcloud.com/slugabed,26257,25,unknown_country,unknown_city,169917
Darius Greene,http://soundcloud.com/dariusgreene,22899,21,United States,Austin,170579
Mr. Bill,http://soundcloud.com/mrbillstunes,54825,22,Australia,Sydney,172873
Franco Bianco,http://soundcloud.com/francobianco,31056,123,Argentina,Buenos Aires & Basel City // Argentina & Switzerland,173112
Felix Da Housecat,http://soundcloud.com/felix-da-housecat,62629,10,United States,"Born In Detroit..Raised In Chicago =^,,^=",173622
Harmonika,http://soundcloud.com/harmonikalive,29046,9,Brazil,-,173882
Spirit Soul Records,http://soundcloud.com/spiritsoulrecords,86050,219,unknown_country,unknown_city,173879
S3RL,http://soundcloud.com/s3rl,61870,39,Australia,Brisbane,175053
Synkro,http://soundcloud.com/synkro,46956,45,Britain (UK),Manchester ,175088
Pitchfork,http://soundcloud.com/pitchfork,57243,621,United States,Chicago/New York,175182
Mike Mago,http://soundcloud.com/mikemago,52245,146,Netherlands,unknown_city,175742
Spinnin' Records,http://soundcloud.com/spinninrecords,1569980,1577,unknown_country,unknown_city,175766
Datsik,http://soundcloud.com/datsik,3798243,136,unknown_country,Los Angeles,176588
JAY BEKK,http://soundcloud.com/catbeck-live,22244,40,unknown_country,unknown_city,176988
‚ñ∂Ô∏é Dirt Monkey ‚óÄÔ∏é,http://soundcloud.com/dirtmonkey,57048,122,unknown_country,Boulder,177215
Figgy,http://soundcloud.com/figgy,29288,30,United States,unknown_city,179404
triaspolitica,http://soundcloud.com/triaspolitica,64174,103,Netherlands,Amsterdam,180237
ESS√ÅY,http://soundcloud.com/essayessay,21206,52,Germany,Berlin / Heidelberg / Mannheim,180473
Sandy Rivera aka K.O.T,http://soundcloud.com/sandy-rivera,20491,62,United States,N.Y.C.,180895
VICIOUS,http://soundcloud.com/viciousrecordings,23842,258,unknown_country,Melbourne,183181
Sharam Jey,http://soundcloud.com/sharamjey,92192,36,Germany,unknown_city,183584
Steve Rachmad / Sterac,http://soundcloud.com/steverachmad,20472,21,Netherlands,Amsterdam,183866
Bizzare Contact,http://soundcloud.com/bizzarecontact,45478,15,Israel,Dimona,184382
Duck Down Music,http://soundcloud.com/duckdown,32112,179,United States,New York,187846
Adriatique,http://soundcloud.com/adriatique,150108,29,Switzerland,Zurich,189476
Citizen Kain,http://soundcloud.com/citizen-kain,21464,55,unknown_country,unknown_city,190635
Marc Spence,http://soundcloud.com/marc-spence,21706,43,unknown_country,Birmingham,191431
Om Unit,http://soundcloud.com/omunit,66216,25,Britain (UK),Bristol,192884
zygote,http://soundcloud.com/zygote,1426926,190,unknown_country,unknown_city,192946
TOKiMONSTA,http://soundcloud.com/tokimonsta,229766,34,United States,LOS ANGELES,193285
Ken Loi,http://soundcloud.com/kenloi,23298,67,United States,Oakland,193680
Fatima Hajji,http://soundcloud.com/fatimahajji,35730,80,Spain,Madrid,196428
Plastician,http://soundcloud.com/plastician,46733,708,Britain (UK),London (Croydon),198038
Marco Faraone,http://soundcloud.com/marcofaraonemusic,24605,16,Italy,Florence,198083
Lucky Date,http://soundcloud.com/luckydate,90280,61,United States,Oakland,198151
Steve Aoki,http://soundcloud.com/steveaoki,4093219,313,United States,Los Angeles,199197
Sinden,http://soundcloud.com/sinden,24562,62,United States,L.A,199632
posij,http://soundcloud.com/posij,51684,41,Netherlands,Groningen,199864
Alex M.O.R.P.H.,http://soundcloud.com/alexmorph,26308,52,Germany,unknown_city,200263
Charlotte de Witte,http://soundcloud.com/charlottedewittemusic,34571,22,Belgium,Ghent,200516
Blondee,http://soundcloud.com/blondee,29970,13,Germany,Potsdam,200869
Nu:Elementz,http://soundcloud.com/nu-elementz,24060,54,unknown_country,South East,202225
SleazyBeats,http://soundcloud.com/sleazybeats,21694,8,Netherlands,Amsterdam (NL) / Copenhagen (DK),203341
UPLINK AUDIO,http://soundcloud.com/uplinkaudio,30055,16,Canada,unknown_city,203750
B-Sides,http://soundcloud.com/b-sides,54035,29,unknown_country,"Los Angeles, CA",204747
Direct,http://soundcloud.com/directmusic,29775,4,unknown_country,unknown_city,205185
dystopian-music,http://soundcloud.com/dystopian-music,34481,82,Germany,Berlin,205808
FromtheKitesofSanQuentin,http://soundcloud.com/fromthekitesofsanquentin,720424,66,Britain (UK),Manchester,205832
mandragora! üëΩ,http://soundcloud.com/holasoynetobaby,172645,64,unknown_country,CUU,206657
KOVEN.,http://soundcloud.com/kovenuk,44881,18,unknown_country,London,207228
Culprit,http://soundcloud.com/culpritla,28968,32,United States,Los Angeles,210656
djsfrommars,http://soundcloud.com/djsfrommars,53595,975,Italy,Turin,212116
Afro Bros,http://soundcloud.com/afrobros,47235,9,Netherlands,Arnhem,212524
LAKIM,http://soundcloud.com/lakimisalive,69513,26,United States,(434) x (562),213321
Holly-J,http://soundcloud.com/holly-j,33021,29,Australia,Melbourne,214827
moshi moshi music,http://soundcloud.com/moshimoshimusic,66397,24,Britain (UK),London,215421
Beats In Space,http://soundcloud.com/timsweeney,68228,27,United States,New York,215812
FKi,http://soundcloud.com/fkimusic,34089,65,United States,ATLanta,218141
Torro Torro,http://soundcloud.com/torrotorro,87861,15,Canada,TORONTO & Los Angeles ,218993
A-Trak,http://soundcloud.com/a-trak,5906590,38,United States,New York,222324
David Tort,http://soundcloud.com/davidtort,30815,78,United States,L.A.,223247
Digital Om Productions,http://soundcloud.com/digital_om,20211,72,India,Mumbai,229272
claudinhobrasil,http://soundcloud.com/claudinhobrasil,41837,11,Brazil,Sao Paulo,229482
Sean Tyas,http://soundcloud.com/seantyas,29147,58,Switzerland,Teufen,229737
Munchi,http://soundcloud.com/munchi_productions,69968,17,Dominican Republic,Rotterdam,233350
Thelonious Martin,http://soundcloud.com/theloniousmartin,27281,102,United States,Chicago,233453
ivangomezmusic,http://soundcloud.com/ivangomezmusic,25375,21,Spain,Barcelona,234858
Far Too Loud,http://soundcloud.com/far-too-loud,117552,64,unknown_country,Brighton,236170
LaidbackLuke,http://soundcloud.com/laidbackluke,421537,46,Netherlands,unknown_city,236295
Anjunadeep,http://soundcloud.com/anjunadeep,153297,246,unknown_country,London,237204
Jaycen A'mour,http://soundcloud.com/jaycenamour,21759,16,New Zealand,unknown_city,175514
Hotflush,http://soundcloud.com/hotflush,197291,194,unknown_country,London,217087
OFF Recordings,http://soundcloud.com/off-recordings,72152,121,Germany,Berlin,182134
VICIOUS,http://soundcloud.com/viciousrecordings,23842,258,unknown_country,Melbourne,183181
Sharam Jey,http://soundcloud.com/sharamjey,92193,36,Germany,unknown_city,183584
Steve Rachmad / Sterac,http://soundcloud.com/steverachmad,20472,21,Netherlands,Amsterdam,183866
Bizzare Contact,http://soundcloud.com/bizzarecontact,45478,15,Israel,Dimona,184382
Duck Down Music,http://soundcloud.com/duckdown,32112,179,United States,New York,187846
Adriatique,http://soundcloud.com/adriatique,150109,29,Switzerland,Zurich,189476
Citizen Kain,http://soundcloud.com/citizen-kain,21464,55,unknown_country,unknown_city,190635
Marc Spence,http://soundcloud.com/marc-spence,21706,43,unknown_country,Birmingham,191431
Om Unit,http://soundcloud.com/omunit,66216,25,Britain (UK),Bristol,192884
zygote,http://soundcloud.com/zygote,1426926,190,unknown_country,unknown_city,192946
TOKiMONSTA,http://soundcloud.com/tokimonsta,229767,34,United States,LOS ANGELES,193285
Ken Loi,http://soundcloud.com/kenloi,23298,67,United States,Oakland,193680
Fatima Hajji,http://soundcloud.com/fatimahajji,35730,80,Spain,Madrid,196428
Plastician,http://soundcloud.com/plastician,46733,708,Britain (UK),London (Croydon),198038
Marco Faraone,http://soundcloud.com/marcofaraonemusic,24605,16,Italy,Florence,198083
Lucky Date,http://soundcloud.com/luckydate,90280,62,United States,Oakland,198151
Steve Aoki,http://soundcloud.com/steveaoki,4093223,313,United States,Los Angeles,199197
Sinden,http://soundcloud.com/sinden,24562,62,United States,L.A,199632
posij,http://soundcloud.com/posij,51684,41,Netherlands,Groningen,199864
Alex M.O.R.P.H.,http://soundcloud.com/alexmorph,26308,52,Germany,unknown_city,200263
Charlotte de Witte,http://soundcloud.com/charlottedewittemusic,34572,22,Belgium,Ghent,200516
Blondee,http://soundcloud.com/blondee,29971,13,Germany,Potsdam,200869
Nu:Elementz,http://soundcloud.com/nu-elementz,24060,54,unknown_country,South East,202225
SleazyBeats,http://soundcloud.com/sleazybeats,21695,8,Netherlands,Amsterdam (NL) / Copenhagen (DK),203341
UPLINK AUDIO,http://soundcloud.com/uplinkaudio,30055,16,Canada,unknown_city,203750
B-Sides,http://soundcloud.com/b-sides,54035,29,unknown_country,"Los Angeles, CA",204747
Direct,http://soundcloud.com/directmusic,29775,4,unknown_country,unknown_city,205185
dystopian-music,http://soundcloud.com/dystopian-music,34481,82,Germany,Berlin,205808
FromtheKitesofSanQuentin,http://soundcloud.com/fromthekitesofsanquentin,720424,66,Britain (UK),Manchester,205832
mandragora! üëΩ,http://soundcloud.com/holasoynetobaby,172651,64,unknown_country,CUU,206657
KOVEN.,http://soundcloud.com/kovenuk,44882,18,unknown_country,London,207228
Culprit,http://soundcloud.com/culpritla,28967,32,United States,Los Angeles,210656
djsfrommars,http://soundcloud.com/djsfrommars,53597,975,Italy,Turin,212116
Afro Bros,http://soundcloud.com/afrobros,47237,9,Netherlands,Arnhem,212524
LAKIM,http://soundcloud.com/lakimisalive,69515,26,United States,(434) x (562),213321
Holly-J,http://soundcloud.com/holly-j,33022,29,Australia,Melbourne,214827
moshi moshi music,http://soundcloud.com/moshimoshimusic,66397,24,Britain (UK),London,215421
Beats In Space,http://soundcloud.com/timsweeney,68229,27,United States,New York,215812
Hotflush,http://soundcloud.com/hotflush,197290,194,unknown_country,London,217087
FKi,http://soundcloud.com/fkimusic,34089,65,United States,ATLanta,218141
Torro Torro,http://soundcloud.com/torrotorro,87861,15,Canada,TORONTO & Los Angeles ,218993
A-Trak,http://soundcloud.com/a-trak,5906587,38,United States,New York,222324
David Tort,http://soundcloud.com/davidtort,30815,78,United States,L.A.,223247
Digital Om Productions,http://soundcloud.com/digital_om,20211,71,India,Mumbai,229272
claudinhobrasil,http://soundcloud.com/claudinhobrasil,41837,11,Brazil,Sao Paulo,229482
Sean Tyas,http://soundcloud.com/seantyas,29148,58,Switzerland,Teufen,229737
Munchi,http://soundcloud.com/munchi_productions,69968,17,Dominican Republic,Rotterdam,233350
Thelonious Martin,http://soundcloud.com/theloniousmartin,27281,102,United States,Chicago,233453
ivangomezmusic,http://soundcloud.com/ivangomezmusic,25375,21,Spain,Barcelona,234858
Far Too Loud,http://soundcloud.com/far-too-loud,117551,64,unknown_country,Brighton,236170
LaidbackLuke,http://soundcloud.com/laidbackluke,421537,46,Netherlands,unknown_city,236295
Anjunadeep,http://soundcloud.com/anjunadeep,153299,246,unknown_country,London,237204
Interactive Noise,http://soundcloud.com/interactivenoise,52008,34,Mexico,Mexico city,239865
Robotaki,http://soundcloud.com/robotaki,58138,28,unknown_country,Welcome to the Lab.,241149
GRIDLOK,http://soundcloud.com/gridlokdnb,28211,22,United States,San Francisco,241395
IbogaRecords,http://soundcloud.com/ibogarecords,63326,221,Denmark,Copenhagen,245184
ESKEI83,http://soundcloud.com/eskei83,22067,83,unknown_country,Dresden,246177
MuchoBravado,http://soundcloud.com/muchobravado,63432,180,Australia,Brisbane,247483
Gammer,http://soundcloud.com/djgammer,51429,9,unknown_country,Northampton,247955
Flamingo Recordings,http://soundcloud.com/flamingo-recordings,42751,37,Netherlands,Oosterhout,247973
Turno,http://soundcloud.com/turnodj,20410,220,Britain (UK),Bedford,250450
Nettwerk Music Group,http://soundcloud.com/nettwerkmusicgroup,33650,247,unknown_country,Los Angeles,250668
luckycharmes,http://soundcloud.com/luckycharmes,33064,69,Netherlands,Amsterdam ,251184
Poker Flat Recordings,http://soundcloud.com/pokerflatrecordings,41552,47,unknown_country,Berlin / Hamburg,251461
ghostly,http://soundcloud.com/ghostly,195513,243,United States,Ann Arbor / NYC,251687
Miss Melera,http://soundcloud.com/missmelera,28775,19,unknown_country,Amsterdam,252951
Rave Radio,http://soundcloud.com/rave-radio,30463,23,Australia,"Gold Coast, Queensland",255401
SWEATER BEATS,http://soundcloud.com/sweaters,132101,15,United States,Los Angeles,255948
[ PROPER PR ],http://soundcloud.com/properpr,234478,1040,unknown_country,Proper PR by Free DL,258748
LFTF,http://soundcloud.com/liveforthefunk,38743,182,unknown_country,<3,258779
Bryan Dalton,http://soundcloud.com/djbryandalton,23104,5,Netherlands,unknown_city,259524
Simina Grigoriu,http://soundcloud.com/simina-grigoriu,24071,67,Germany,Berlin,259701
MTA Records,http://soundcloud.com/mtarecords,53264,364,unknown_country,unknown_city,260041
Nicole Moudaber,http://soundcloud.com/nicolemoudaber,138269,22,unknown_country,London,260439
Mr Bongo,http://soundcloud.com/mrbongo,38622,63,unknown_country,Brighton,261119
Blue Tunes Records,http://soundcloud.com/blue-tunes-records,29086,114,Germany,Schwerin,261270
Monika Kruse,http://soundcloud.com/monikakruse,60915,76,Germany,Berlin,261653
Daniel Bortz,http://soundcloud.com/danielbortz,69830,52,Germany,Augsburg,263281
MEGALODON,http://soundcloud.com/megalodon,89005,11,United States,Los Angeles,264807
Futureboogie,http://soundcloud.com/futureboogie,45484,65,unknown_country,Bristol,265143
UtahSaints,http://soundcloud.com/utahsaints,195587,122,unknown_country,Leeds,265212
Rene Bourgeois,http://soundcloud.com/rene-bourgeois,20636,60,Germany,Berlin,265565
Nostalgia,http://soundcloud.com/nostalgia,25445,67,unknown_country,DS,266479
Wizard,http://soundcloud.com/wizardbeatsuk,46713,104,Britain (UK),unknown_city,266852
Heist,http://soundcloud.com/heist,27799,51,unknown_country,London,268013
Ambassadeurs,http://soundcloud.com/ambassadeurs,36678,49,unknown_country,unknown_city,269749
baratunde,http://soundcloud.com/baratunde,42023,40,United States,Brooklyn,269935
Kalya Scintilla,http://soundcloud.com/kalyascintilla,55852,8,Australia,Planet Earth,270173
Alex Di Stefano,http://soundcloud.com/alexdistefano,21658,8,unknown_country,unknown_city,271575
Fedde Le Grand,http://soundcloud.com/feddelegrand,263123,14,unknown_country,Everywhere,271960
dimitrivegasandlikemike,http://soundcloud.com/dimitrivegasandlikemike,965613,34,unknown_country,unknown_city,274197
Sudbeat Music,http://soundcloud.com/sudbeat,20595,3,unknown_country,unknown_city,276344
Kursa.,http://soundcloud.com/kursauk,20968,20,unknown_country,LDN,280754
GIRLUNIT,http://soundcloud.com/girlunit,23387,7,Britain (UK),London,281444
5COTT (official),http://soundcloud.com/5cott,890474,3,unknown_country,unknown_city,283354
Ulterior Motive Uk,http://soundcloud.com/ulterior-motive-uk,20696,34,unknown_country,Bournemouth,284055
DJ Tarkan,http://soundcloud.com/djtarkan,46141,1,Turkey,Istanbul,284760
Feenixpawl,http://soundcloud.com/feenixpawl,28939,13,United States,Los Angeles,285437
Deejay Mosca,http://soundcloud.com/deejaymosca,37394,17,unknown_country,London,286303
Nicola Cruz,http://soundcloud.com/nicolacruz,44892,18,Ecuador,Andes,286477
Hospital Records (Label),http://soundcloud.com/hospitalrecords,88764,329,unknown_country,London,286860
GoldFish,http://soundcloud.com/goldfishlive,63712,13,unknown_country,Cape Town/San Diego,288790
The White Panda,http://soundcloud.com/whitepandamusic,185888,6,unknown_country,the bamboo forest,290032
Ape Drums,http://soundcloud.com/apedrums,43700,13,United States,Miami,290693
Markus Schulz,http://soundcloud.com/markusschulz,140029,18,United States,Miami,291427
jantsenmusic,http://soundcloud.com/jantsenmusic,28152,21,United States,Boulder/Denver,293491
Basement Freaks,http://soundcloud.com/basement-freaks,39910,104,Germany,Hamburg,293609
The Funk Hunters,http://soundcloud.com/thefunkhunters,65849,108,Canada,Vancouver,295280
HARDWELL,http://soundcloud.com/hardwell,1829325,161,Netherlands,Breda,296190
NEONLIGHT #mygalactictale,http://soundcloud.com/neonlightmusic,26893,31,Germany,Leipzig,296421
AGORIA,http://soundcloud.com/agoria,96684,16,France,Paris,296549
Gregor Salto,http://soundcloud.com/gregorsalto,95039,117,Netherlands,Haarlem,298110
Uberjak'd,http://soundcloud.com/uberjakd,132117,101,Australia,Adelaide,299900
Stefan Biniak,http://soundcloud.com/esbee,77989,31,Germany,Berlin,300242
Speedsound REC.,http://soundcloud.com/speedsound,31876,265,unknown_country,unknown_city,300678
Da Brozz,http://soundcloud.com/dabrozz,38387,18,Italy,Como,301904
DANNIC,http://soundcloud.com/dannic,195854,91,Netherlands,Breda,302173
Dave Seaman,http://soundcloud.com/daveseaman,41797,179,Britain (UK),Nottingham,302492
TUBE & BERGER,http://soundcloud.com/tubeandberger,143269,21,Germany,Solingen Rockcity No. 1,302854
Insan3Lik3,http://soundcloud.com/insan3lik3,27027,68,Switzerland,Z√ºrich,303415
Gladkill,http://soundcloud.com/gladkill,29030,13,United States,L.A./Oakland ,303541
Mixes and Mashups #3,http://soundcloud.com/mixessss3,26259,250,unknown_country,unknown_city,305127
Zeds Dead,http://soundcloud.com/zedsdead,6040151,64,Canada,Toronto,305413
rough plates,http://soundcloud.com/roughplates,747243,695,United States,Lavender Town,306887
Jakarta Records,http://soundcloud.com/jakarta-records,67958,139,unknown_country,Berlin & Cologne,309573
WOO2TECH,http://soundcloud.com/woo2tech,48493,11,Brazil,unknown_city,311297
Avalon (Nano Records),http://soundcloud.com/avalon,82271,13,unknown_country,London,311920
LouLou Players,http://soundcloud.com/loulouplayers,44835,112,Belgium,Namur,314821
Bad Panda,http://soundcloud.com/bad-panda-records,183063,8,Trinidad & Tobago,Õ§ Õ¨Õ§ Õ¨Õ¨Õ§ Õ¶Õ¨Õ¨Õ§ Õ¨Õ¶Õ¨Õ¨Õ§ Õ§Õ¨Õ¶Õ¨Õ¨Õ§ Õ¨Õ§Õ¨Õ¶Õ¨Õ¨Õ§ Õ¨Õ¨Õ§Õ¨Õ¶Õ¨Õ¨Õ§ Õ¶Õ¨Õ¨Õ§Õ¨Õ¶Õ¨Õ¨Õ§ Õ¨Õ¶Õ¨Õ¨Õ§Õ¨Õ¶Õ¨Õ¨Õ§ Õ§Õ¨Õ¶Õ¨Õ¨Õ§Õ¨Õ¶Õ¨Õ¨Õ§ Õ¨Õ§Õ¨Õ¶Õ¨Õ¨Õ§Õ¨Õ¶Õ¨Õ¨Õ§ Õ¨Õ¨Õ§Õ¨Õ¶Õ¨Õ¨Õ§Õ¨Õ¶Õ¨Õ¨Õ§ Õ¶Õ¨Õ¨Õ§Õ¨Õ¶Õ¨Õ¨Õ§Õ¨Õ¶Õ¨Õ¨Õ§ Õ¨Õ¶Õ¨Õ¨Õ§Õ¨Õ¶Õ¨,324064
Defected Records,http://soundcloud.com/defectedrecords,311041,43,unknown_country,London,324471
BryanKearney,http://soundcloud.com/bryankearney,56423,56,Ireland,Dublin,324536
Ultra Music,http://soundcloud.com/ultrarecords,314989,932,United States,New York,326153
The Disco Fries,http://soundcloud.com/thediscofries,44169,56,United States,New York,326490
Mat Zo,http://soundcloud.com/matzo,166129,24,unknown_country,London/Los Angeles,327584
DariusSyrossian,http://soundcloud.com/dariussyrossian,74804,29,unknown_country,MANCHESTER ( To book ) email > david@airlondonmusic.com,327599
DoctorDru,http://soundcloud.com/doctordru,50887,112,Germany,Hamburg,334344
1daytrack.com,http://soundcloud.com/1daytrack,53606,82,Netherlands,Amsterdam,334739
Antonio Giacca,http://soundcloud.com/antoniogiacca,20351,12,unknown_country,unknown_city,335010
ANORAAK,http://soundcloud.com/anoraak,33708,122,unknown_country,New EP out!,335207
MAKJ,http://soundcloud.com/makj,244130,4,unknown_country,San Luis Obispo,335414
angxl hxze,http://soundcloud.com/angxlhxze,321304,12,United States,unknown_city,335815
Kill Rock Stars,http://soundcloud.com/killrockstars,109977,15,United States,Portland,336637
TIMELOCK,http://soundcloud.com/timelock,22256,10,Israel,KARMIEL,337132
Redlight UK,http://soundcloud.com/redlight-uk,129221,27,unknown_country,London,338737
Sharam,http://soundcloud.com/sharam,43875,16,unknown_country,unknown_city,338763
Complexion,http://soundcloud.com/complexion,39423,498,unknown_country,London,345852
V!RTU,http://soundcloud.com/virtumusic,29599,2,unknown_country,Los Angeles,346363
To Be Continued...,http://soundcloud.com/tobecontinued1,122867,151,unknown_country,unknown_city,348369
Gabriel Boni,http://soundcloud.com/gabrielboni,76553,22,Brazil,Sao Paulo  :: bookings@entourage.com.br,349296
deborahdelucadj,http://soundcloud.com/deborahdelucadj,91043,4,Italy,napoli,350337
This Is Music,http://soundcloud.com/this-is-music,58457,330,Britain (UK),London,350808
R3HAB,http://soundcloud.com/r3hab,3873339,13,unknown_country,unknown_city,351064
Drauf und Dran,http://soundcloud.com/draufunddran,34375,27,Germany,Berlin,353054
Elektrik Dreams Music,http://soundcloud.com/elektrik-dreams-music,50486,457,Greece,Athens,353616
drumsoundandbasslinesmith,http://soundcloud.com/drumsoundandbasslinesmith,35010,449,Britain (UK),World,354755
Pixelord,http://soundcloud.com/pixelord,24621,17,unknown_country,unknown_city,355033
Shameless (Aus),http://soundcloud.com/shameless-official,44523,12,unknown_country,Melbourne,355116
traumer,http://soundcloud.com/traumer,28681,18,France,Paris,355151
swamp81,http://soundcloud.com/swamp81,25111,70,Britain (UK),london,355742
Yours Truly,http://soundcloud.com/yourstrulysf,158490,2117,United States,Los Angeles,355865
Arbutus Records,http://soundcloud.com/arbutus-records,20863,18,unknown_country,Montreal,359445
The Polish Ambassador,http://soundcloud.com/thepolishambassador,77217,115,United States,San Francisco,359752
memorecks,http://soundcloud.com/memorecks,22991,14,Canada,Toronto,361948
Dzeko,http://soundcloud.com/dzekomusic,159969,10,Canada,Toronto,362105
Savoy,http://soundcloud.com/savoyband,59724,11,United States,Brooklyn,362193
CookieMonstatc,http://soundcloud.com/cookiemonstatc,71716,15,Britain (UK),Nottingham ,364118
Alex Guesta,http://soundcloud.com/alexguesta,42248,38,Italy,Milan,369286
axwell,http://soundcloud.com/axwell,3455391,20,Sweden,unknown_city,369512
Freed√∏m Fighters,http://soundcloud.com/freedomfighters,79368,21,Israel,Tel Aviv,377424
Naim Records,http://soundcloud.com/naimrecs,35661,13,Britain (UK),unknown_city,378559
Abel Ramos,http://soundcloud.com/abelramos,46391,14,Spain,Spinnin . Doorn . Size,379503
Matvey Emerson,http://soundcloud.com/matveyemerson,54064,32,unknown_country,Moscow,380667
Shermanology,http://soundcloud.com/shermanology,30615,74,Netherlands,Amsterdam,380845
Fareoh,http://soundcloud.com/fareoh,281505,8,unknown_country,‚ñ≤‚ñ≤‚ñ≤,384978
Joel Fletcher.,http://soundcloud.com/joel-fletcher,166388,15,Australia,Melbourne,385604
Ministry of Sound,http://soundcloud.com/ministryofsound,284221,226,Britain (UK),London,385704
THAT BASS LIFE,http://soundcloud.com/thatbasslife,21521,1262,United States,unknown_city,390104
POINT.BLANK ‚ò†Ô∏è,http://soundcloud.com/pointblankdubstep,30432,33,Belgium,unknown_city,398450
Andrew Rayel,http://soundcloud.com/andrewrayel,154305,48,unknown_country,Chisinau,398575
Urban Contact,http://soundcloud.com/urban-contact,27947,8,Austria,Vienna,398777
Funkerman,http://soundcloud.com/funkerman,25440,53,unknown_country,unknown_city,400602
JoeyRiot,http://soundcloud.com/joeyriot,22980,45,unknown_country,RIOTSVILLE,402841
Lake People,http://soundcloud.com/lakepeople,33327,21,Germany,Leipzig,404158
Kolombo,http://soundcloud.com/kolombo,184730,20,Belgium,Namur,405370
Suol,http://soundcloud.com/suol,51085,160,Germany,Berlin,405953
Franky Rizardo,http://soundcloud.com/frankyrizardo,53128,53,Netherlands,Arnhem,406770
JacquesRenault,http://soundcloud.com/jacquesrenault,20009,118,unknown_country,"Brooklyn, NY",408365
AObeats,http://soundcloud.com/aokamura,43862,136,United States,Massachusetts,410411
V RECORDINGS,http://soundcloud.com/vrecordings,29169,152,Britain (UK),London,412570
Soul Candi,http://soundcloud.com/soulcandi,25917,46,South Africa,Johannesburg,415179
UKF,http://soundcloud.com/ukf,218571,234,Britain (UK),London,415653
russliquid,http://soundcloud.com/russliquid,43429,102,United States,New ORLEANS,420385
ELHAE,http://soundcloud.com/elhae,110444,14,United States,Atlanta,420637
Enchufada,http://soundcloud.com/enchufada,23917,56,Portugal,Lisbon,421356
Mark Sherry,http://soundcloud.com/marksherry,26748,230,unknown_country,Glasgow,421982
Jonas Saalbach,http://soundcloud.com/jonassaalbach,21137,129,unknown_country,Berlin,422319
PHIL WEEKS (ROBSOUL REC.),http://soundcloud.com/robsoulrecordings,34829,105,France,Paris,422696
B. Lewis,http://soundcloud.com/blewie17,32625,42,United States,"San Jose, CA",424551
klangkuenstler,http://soundcloud.com/klangkuenstler,77246,21,Germany,Berlin,426771
Joakim Karud,http://soundcloud.com/joakimkarud,139369,25,Sweden,unknown_city,427999
Josue Carrera,http://soundcloud.com/josuecarrera,28393,12,unknown_country,unknown_city,428628
Traxsource,http://soundcloud.com/traxsource,30306,52,unknown_country,unknown_city,431938
Krafty Kuts,http://soundcloud.com/kraftykuts,95146,45,Britain (UK),Brighton,433307
Adana Twins,http://soundcloud.com/adanatwins,104711,25,Germany,Hamburg,433626
RAM Records,http://soundcloud.com/ramrecords,107770,369,unknown_country,Hornchurch,434854
DeccaRecords,http://soundcloud.com/deccarecords,2006619,53,Britain (UK),London,435799
Dark Sky,http://soundcloud.com/dark-sky,57528,5,unknown_country,London,436261
Melokind,http://soundcloud.com/melokind,38239,50,Germany,unknown_city,437973
magda,http://soundcloud.com/magda-official,102145,11,United States,Detroit ,438195
BADD DIMES,http://soundcloud.com/badddimes,21397,5,Netherlands,The Hague,438729
DJ Looney,http://soundcloud.com/djlooneydnb,23798,7,Britain (UK),Birmingham,441026
GET RIGHT RECORDS,http://soundcloud.com/getrightrecs,22024,43,unknown_country,unknown_city,443763
Black Tiger Sex Machine,http://soundcloud.com/blacktigersexmachine,88046,23,Canada,Montreal,444918
Thissongissick.com,http://soundcloud.com/nickraymondg,773126,45,United States,"Boulder, Colorado",445063
Reece Low,http://soundcloud.com/reecelow,92843,34,unknown_country,unknown_city,445208
D-Unity (Official),http://soundcloud.com/d_unity,26880,150,Canada,Toronto ,446187
Joe Maz,http://soundcloud.com/joemaz,39155,21,United States,Miami,447119
Stereo Productions,http://soundcloud.com/stereoproductions,33916,76,Spain,Madrid,448093
FDVM,http://soundcloud.com/fdvm,52603,41,unknown_country,unknown_city,448269
deepanddisco,http://soundcloud.com/deepanddisco,944652,633,United States,Brooklyn,451608
WarnerBrosRecords,http://soundcloud.com/warnerbrosrecords,98689,192,United States,Los Angeles,453920
Do LaB,http://soundcloud.com/thedolab,29683,2040,United States,Los Angeles,455306
toddedwards3000,http://soundcloud.com/toddedwards3000,28321,9,United States,Los Angeles,455658
Felix Kroecher,http://soundcloud.com/felix-kroecher,39642,25,Germany,Frankfurt,457957
Mikael Weermets,http://soundcloud.com/mikaelweermets,55471,46,Sweden,Gothenburg,461904
Erb N Dub,http://soundcloud.com/erbndub,21764,32,unknown_country,Brighton,462976
Midnight Conspiracy,http://soundcloud.com/midnightconspiracy,20041,7,United States,Chicago,465041
Bolier,http://soundcloud.com/boliermusic,22913,27,Netherlands,Amsterdam,465378
TWO FRESH.,http://soundcloud.com/twofreshbeats,36428,19,unknown_country,Los Angeles,465863
Flashover Recordings,http://soundcloud.com/flashoverrecordings,25921,104,Netherlands,Rotterdam,466545
Intec Digital,http://soundcloud.com/intec-digital,20486,15,Britain (UK),London,466677
PSYSEX,http://soundcloud.com/psysex-1,24310,65,Israel,Herzliya,470272
SION//,http://soundcloud.com/i_am_sion,21416,18,Britain (UK),North Wales,471038
LuckyMe Records,http://soundcloud.com/luckyme,65584,126,unknown_country,London,471050
Tesla Boy (Official),http://soundcloud.com/teslaboy,24002,20,unknown_country,Moscow,473325
MELLOW ORANGE,http://soundcloud.com/melloworange,27388,358,United States,California,474194
Pat Lok,http://soundcloud.com/patlok,27837,26,unknown_country,Vancouver | LA,480062
Clouds,http://soundcloud.com/thisisclouds,20992,10,unknown_country,unknown_city,481924
SOULECTION,http://soundcloud.com/soulection,422677,38,United States,Los Angeles,483960
Angelo Ferreri,http://soundcloud.com/angeloferreri,26430,218,Italy,Sicily,489808
Djjayhood973,http://soundcloud.com/djjayhood973,62842,18,unknown_country,Newark,491136
Renegades Of Jazz,http://soundcloud.com/renegadesofjazz,21651,14,unknown_country,unknown_city,493234
Disco Deviance,http://soundcloud.com/disco-deviance,27096,62,unknown_country,unknown_city,493717
Disclosure,http://soundcloud.com/disclosuremusic,1323704,16,unknown_country,unknown_city,494163
Jason Risk,http://soundcloud.com/jasonrisk,33390,51,Australia,Sydney,495568
Jordan Suckley,http://soundcloud.com/jordansuckley,30068,9,unknown_country,Ellesmere Port ,496272
gorillavsbear,http://soundcloud.com/gorillavsbear,22439,173,United States,TX,496642
Kraak & Smaak,http://soundcloud.com/kraaksmaak,53061,51,unknown_country,Leiden,496988
Mess Productions,http://soundcloud.com/messproductions,1213782,602,Sweden,Gothenburg,499535
Stanton Warriors,http://soundcloud.com/stantonwarriors,90607,360,unknown_country,London,501712
Document One,http://soundcloud.com/documentone,30816,33,Britain (UK),Oxford ,504949
Sammy Porter,http://soundcloud.com/iamsammyporter,128978,4,unknown_country,www.iamsammyporter.com,505088
BadKlaat,http://soundcloud.com/badklaat,50893,19,Britain (UK),Gloucester,505125
ETHEREAL,http://soundcloud.com/ethereal,47672,62,United States,Atlantastan,505203
djalvaro,http://soundcloud.com/djalvaro,108551,35,Netherlands,Almere,505676
Royal-T,http://soundcloud.com/royaltmusic,25832,31,Britain (UK),Southampton,509035
scntst,http://soundcloud.com/scntst,24148,11,Germany,Munich,510253
Different Sleep,http://soundcloud.com/different-sleep,23012,10,unknown_country,Los Angeles,513015
@wallylopez,http://soundcloud.com/wallylopez,21989,9,Spain,Madrid,513304
Tom Swoon,http://soundcloud.com/tomswoon,63817,21,Poland,unknown_city,516212
Vocal Downloads,http://soundcloud.com/vocaldownloads,34122,16,United States,Bay Area California,518598
BARE,http://soundcloud.com/barestep,67045,41,unknown_country,L.A.,519770
Jolyon Petch,http://soundcloud.com/jolyon-petch,27008,73,Australia,Melbourne,523000
Sidney Charles,http://soundcloud.com/hurricane-kid,70398,50,Germany,Berlin,529906
JFB,http://soundcloud.com/jfbdj,22959,88,Britain (UK),BRIGHTON,530528
INF1N1TE,http://soundcloud.com/inf1n1temusic,30814,13,unknown_country,TWITTER / INSTAGRAM: @INF1N1TEMUSIC,531033
8THSIN,http://soundcloud.com/8thsinmusic,24946,6,Brazil,unknown_city,535590
dubmatix,http://soundcloud.com/dubmatix,2809553,32,Canada,Toronto,542134
Never Say Die Records,http://soundcloud.com/neversaydie,1006041,25,unknown_country,London,542429
Glen Horsborough,http://soundcloud.com/glenhorsborough,66851,19,unknown_country,unknown_city,543477
One Little Indian Records,http://soundcloud.com/onelittleindianrecords,88981,126,Britain (UK),London,545809
Floating Limb,http://soundcloud.com/floatinglimb,22671,68,unknown_country,London,545820
Atlantic Records,http://soundcloud.com/atlanticrecords,305750,249,United States,New York,546206
Pig&Dan,http://soundcloud.com/pig-and-dan,50932,12,Spain,Palma de Mallorca,546347
Truth,http://soundcloud.com/truthdubstep,96257,166,New Zealand,unknown_city,550036
GetDarker,http://soundcloud.com/getdarker,26087,66,unknown_country,Croydon,550224
The Noisy Freaks,http://soundcloud.com/thenoisyfreaks,63127,92,France,2 funky guys from,559334
Balthazar & JackRock,http://soundcloud.com/balthazar-jackrock,21198,14,Bulgaria,Sofia,560071
MAX CHAPMAN,http://soundcloud.com/max-chapman,22037,14,Britain (UK),London,561821
onelovemusic,http://soundcloud.com/onelovemusic,23479,248,Australia,unknown_city,564083
DJ Jazzy Jeff,http://soundcloud.com/djjazzyjeff,48806,15,unknown_country,unknown_city,564099
Black Hole Recordings,http://soundcloud.com/blackholerecordings,77656,1330,Netherlands,Breda,564671
Elemental,http://soundcloud.com/elementalproject,20887,24,Brazil,SP,565060
Olivier Giacomotto,http://soundcloud.com/oliviergiacomotto,41358,35,France,Paris,565728
Matt Fear,http://soundcloud.com/mattfear,28216,17,Britain (UK),LEEDS,566325
Jacob,http://soundcloud.com/jacobmusic,27520,6,Brazil,unknown_city,566957
ZooFunktion,http://soundcloud.com/zoofunktion,34025,31,unknown_country,WildLife,567861
BRAINFEEDER,http://soundcloud.com/brainfeeder,182019,33,unknown_country,"LOS ANGELES, WORLDWIDE",570385
Craig Knight,http://soundcloud.com/dj-craig-knight,28777,92,unknown_country,Swindon,571467
The Golden Filter,http://soundcloud.com/thegoldenfilter,30507,19,unknown_country,London / NYC,572151
Just Kiddin,http://soundcloud.com/justkiddin,27780,29,unknown_country,Kettering,574027
Timmy Trumpet,http://soundcloud.com/timmytrumpet,174491,17,Australia,Sydney ,574349
German Brigante,http://soundcloud.com/german-brigante,33289,22,Spain,Espa√±a,581205
ak9,http://soundcloud.com/ak9,33760,39,Poland,Lodz,595946
Herobust,http://soundcloud.com/herobust,198853,29,United States,"Atlanta, GA",599839
Exploited,http://soundcloud.com/exploited,59481,175,Germany,Berlin,601885
Dj CUTMAN,http://soundcloud.com/djcutman,21125,133,United States,Chiptopia,602438
TMRW Music,http://soundcloud.com/tmrw_music,50963,322,Australia,Sydney,603256
Daniele di Martino,http://soundcloud.com/danieledimartino,44764,7,Germany,Berlin,603918
BBE Music,http://soundcloud.com/bbemusic,89876,94,unknown_country,Barely Breaking Even,604143
Gorillaz,http://soundcloud.com/gorillaz,245106,4,Britain (UK),Kong Studios,604286
TRAX MAGAZINE,http://soundcloud.com/trax-magazine,29935,31,France,Paris,605840
Andres Fresko,http://soundcloud.com/andresfresko,27764,25,United States,Miami,607044
Liquicity Records,http://soundcloud.com/liquicityrecords,60967,36,Netherlands,unknown_city,610746
2000 and One,http://soundcloud.com/2000andone,32969,49,Netherlands,Amsterdam,612186
MoskaHouse,http://soundcloud.com/moskahouse,35454,40,Colombia,Cali,617546
SMOG Records,http://soundcloud.com/smog,43394,52,United States,"Los Angeles, CA",620391
Artistic Raw,http://soundcloud.com/artisticraw,50545,20,Netherlands,Raw city,623596
AT DAWN WE RAGE,http://soundcloud.com/atdawnwerage,25777,13,unknown_country,LOS ANGELES,624112
Bedrock Records,http://soundcloud.com/bedrock_rec,122509,1,Britain (UK),London,624106
W&W,http://soundcloud.com/wandw,399243,14,Netherlands,Haarlem,630356
britta arnold,http://soundcloud.com/britta-1,23454,38,Germany,berlin,630507
terrorhythm,http://soundcloud.com/terrorhythm,30422,17,unknown_country,London,632699
Be Yourself Music,http://soundcloud.com/beyourselfmusic,77917,531,Netherlands,unknown_city,633994
LEVELA,http://soundcloud.com/djlevela,30433,42,unknown_country,Crawley,634566
D.O.D,http://soundcloud.com/d-o-d,41831,35,unknown_country,"Lancaster, UK",634670
AlvinRisk,http://soundcloud.com/alvinrisk,110902,3,unknown_country,unknown_city,643082
Hizzleguy,http://soundcloud.com/hizzleguy-gangoon,22134,111,unknown_country,Brighton,644649
Milk N Cooks,http://soundcloud.com/milkncooks,66217,15,unknown_country,Chicago,649260
VERMONT,http://soundcloud.com/vermontlive,36221,4,Brazil,unknown_city,651908
BLOND:ISH,http://soundcloud.com/blondish,108638,41,unknown_country,Barcelona,654025
Paris Blohm,http://soundcloud.com/parisblohm,64763,20,United States,Los Angeles,657261
Fat Cat Records,http://soundcloud.com/fatcatrecords,180017,137,Britain (UK),Brighton,658453
Dzp,http://soundcloud.com/dzp,23171,4,Brazil,Rj,659364
Decimal Bass,http://soundcloud.com/decimalbassuk,20894,44,unknown_country,Cheltenham,659368
Carpark Records,http://soundcloud.com/carparkrecords,35668,25,United States,Washington DC,665379
Lone,http://soundcloud.com/lone-1,60386,49,unknown_country,London / Nottingham,670183
AbJo,http://soundcloud.com/midnightabjo,56949,19,United States,"San Diego, CA",674973
WIZE,http://soundcloud.com/wizetheproducer,31305,29,unknown_country,North London,676359
Manila Killa,http://soundcloud.com/manilakilla,100872,49,unknown_country,unknown_city,416928
Boysnoize Records,http://soundcloud.com/boysnoizerecords,86853,173,unknown_country,Berlin,587741
Skratch Bastid,http://soundcloud.com/skratchbastid,22070,10,Canada,Toronto,585648
Sidney Samson,http://soundcloud.com/sidneysamson,79643,33,Netherlands,Amsterdam,591642
SHIGETO,http://soundcloud.com/shigeto,92473,20,United States,Detroit,592907
Superpoze,http://soundcloud.com/superpoze,27242,5,unknown_country,Paris,584594
D-FORMATION,http://soundcloud.com/d-formation,20520,67,Spain,Suara / Toolroom / Beatfreak,591267
Exploited,http://soundcloud.com/exploited,59481,175,Germany,Berlin,601885
Dj CUTMAN,http://soundcloud.com/djcutman,21126,133,United States,Chiptopia,602438
TMRW Music,http://soundcloud.com/tmrw_music,50963,322,Australia,Sydney,603256
Daniele di Martino,http://soundcloud.com/danieledimartino,44764,7,Germany,Berlin,603918
BBE Music,http://soundcloud.com/bbemusic,89877,94,unknown_country,Barely Breaking Even,604143
Gorillaz,http://soundcloud.com/gorillaz,245120,4,Britain (UK),Kong Studios,604286
TRAX MAGAZINE,http://soundcloud.com/trax-magazine,29935,31,France,Paris,605840
Andres Fresko,http://soundcloud.com/andresfresko,27764,25,United States,Miami,607044
Kayoh,http://soundcloud.com/kayohofficial,23317,32,United States,Baltimore,609129
Liquicity Records,http://soundcloud.com/liquicityrecords,60968,36,Netherlands,unknown_city,610746
2000 and One,http://soundcloud.com/2000andone,32969,49,Netherlands,Amsterdam,612186
MoskaHouse,http://soundcloud.com/moskahouse,35454,40,Colombia,Cali,617546
SMOG Records,http://soundcloud.com/smog,43395,52,United States,"Los Angeles, CA",620391
Artistic Raw,http://soundcloud.com/artisticraw,50545,20,Netherlands,Raw city,623596
AT DAWN WE RAGE,http://soundcloud.com/atdawnwerage,25777,13,unknown_country,LOS ANGELES,624112
Bedrock Records,http://soundcloud.com/bedrock_rec,122509,1,Britain (UK),London,624106
W&W,http://soundcloud.com/wandw,399243,14,Netherlands,Haarlem,630356
britta arnold,http://soundcloud.com/britta-1,23454,38,Germany,berlin,630507
terrorhythm,http://soundcloud.com/terrorhythm,30422,17,unknown_country,London,632699
Be Yourself Music,http://soundcloud.com/beyourselfmusic,77917,531,Netherlands,unknown_city,633994
LEVELA,http://soundcloud.com/djlevela,30434,42,unknown_country,Crawley,634566
D.O.D,http://soundcloud.com/d-o-d,41831,35,unknown_country,"Lancaster, UK",634670
AlvinRisk,http://soundcloud.com/alvinrisk,110902,3,unknown_country,unknown_city,643082
Hizzleguy,http://soundcloud.com/hizzleguy-gangoon,22134,111,unknown_country,Brighton,644649
Milk N Cooks,http://soundcloud.com/milkncooks,66217,15,unknown_country,Chicago,649260
VERMONT,http://soundcloud.com/vermontlive,36221,4,Brazil,unknown_city,651908
BLOND:ISH,http://soundcloud.com/blondish,108638,41,unknown_country,Barcelona,654025
Paris Blohm,http://soundcloud.com/parisblohm,64763,20,United States,Los Angeles,657261
Fat Cat Records,http://soundcloud.com/fatcatrecords,180018,137,Britain (UK),Brighton,658453
Dzp,http://soundcloud.com/dzp,23172,4,Brazil,Rj,659364
Decimal Bass,http://soundcloud.com/decimalbassuk,20894,44,unknown_country,Cheltenham,659368
Carpark Records,http://soundcloud.com/carparkrecords,35668,25,United States,Washington DC,665379
Lone,http://soundcloud.com/lone-1,60387,49,unknown_country,London / Nottingham,670183
AbJo,http://soundcloud.com/midnightabjo,56950,19,United States,"San Diego, CA",674973
WIZE,http://soundcloud.com/wizetheproducer,31305,29,unknown_country,North London,676359
Play Me Records,http://soundcloud.com/playmerecords,102213,448,United States,Los Angeles,682522
Dj Epsilon,http://soundcloud.com/dj-epsilon,20771,4,Lithuania,Kaunas,690613
no regular play,http://soundcloud.com/noregularplay,21984,48,United States,Brooklyn,690609
Bass Kleph,http://soundcloud.com/basskleph,47108,567,Spain,Barcelona,692972
ital / Aho,http://soundcloud.com/itallive,24860,4,Chile,Globe,694165
DJCHUCKIE,http://soundcloud.com/djchuckie,286349,341,Netherlands,Amsterdam,697990
XYPO,http://soundcloud.com/xypoofficial,60344,25,unknown_country,LONDON,701693
My Favorite Robot Records,http://soundcloud.com/my-favorite-robot-records,24139,40,Canada,Toronto,702432
EJECA,http://soundcloud.com/ejeca,47771,69,unknown_country,London,705654
Todd Terry-InHouseRecords,http://soundcloud.com/todd-terry-inhouserecords,32858,172,United States,New York,713230
Ganja White Night,http://soundcloud.com/ganjawhitenight,57832,20,Belgium,Brussels,713612
G-Buck,http://soundcloud.com/gbuck,38619,34,United States,Philadelphia,715085
3000Grad / Acker Records,http://soundcloud.com/3000-grad,23912,197,Germany,Wustrow,716605
Kronic,http://soundcloud.com/dj_kronic,48554,17,unknown_country,unknown_city,717491
RUN DMT,http://soundcloud.com/rundmt,30784,32,United States,Dallas,718195
BMKLTSCH RCRDS,http://soundcloud.com/bmkltschrcrds,20360,43,Netherlands,Amsterdam,720640
Darktek,http://soundcloud.com/djdarktek,36954,56,France,Chartres,720835
Sam Tiba (Club Cheval),http://soundcloud.com/samtiba,26509,52,France,Paris/ Roubaix,720917
Kastle,http://soundcloud.com/kastle,69740,26,United States,"Los Angeles, CA",721011
Gimu,http://soundcloud.com/gimu,20076,22,Brazil,unknown_city,724637
Microcosmos ChillOut,http://soundcloud.com/microcosmos,24912,6,unknown_country,unknown_city,725345
Elaquent,http://soundcloud.com/elaquent,47782,30,Canada,(Guelph/Toronto),727116
Karma Kid.,http://soundcloud.com/karmakidmusic,58732,22,unknown_country,Matlock via Manchester ,730065
Soloman,http://soundcloud.com/solomandj,26344,11,Britain (UK),Stoke-on-Trent,735196
Ron Flatter,http://soundcloud.com/ron-flatter,31469,62,Germany,Halle(Saale),745663
FuntCaseUK,http://soundcloud.com/funtcaseuk,78830,22,Britain (UK),Bournemouth,749206
GAMEFACE,http://soundcloud.com/officialgameface,33704,2,Netherlands,Nijmegen,751981
martinsolveig,http://soundcloud.com/martinsolveig,1081925,23,unknown_country,Paris,753091
Computer Magic,http://soundcloud.com/computer-magic,35448,5,United States,Brooklyn,758211
Mr FijiWiji,http://soundcloud.com/mrfijiwiji,69498,90,United States,Pittsburgh/Columbus,762863
Sandro Silva,http://soundcloud.com/djsandrosilva,63349,14,Netherlands,Amsterdam,763785
APASHE,http://soundcloud.com/lindien,110535,25,Canada,Montreal/ Bruxelles,765484
Zyce,http://soundcloud.com/zyce,50945,40,Serbia,Nova Pazova,765757
EatsEverything,http://soundcloud.com/eatseverything,170166,62,unknown_country,Foodsville,770078
The Starkiller,http://soundcloud.com/the-starkiller,78769,279,Netherlands,Amsterdam,770202
xKore,http://soundcloud.com/xkore,65613,38,unknown_country,London,770705
Viper Recordings,http://soundcloud.com/viperrecordings,110993,230,unknown_country,Liverpool / London,771684
MassiveEDM.com,http://soundcloud.com/massiveedmnetwork,47211,1518,unknown_country,AMG Music,772854
Christian Laurien,http://soundcloud.com/chlaurien,30065,6,Germany,M√∂nchengladbach,774959
JUNKIE KID,http://soundcloud.com/junkiekidmusic,49684,77,Mexico,Acapulco,778796
Illmind,http://soundcloud.com/illmind,36538,299,United States,Brooklyn,780402
Trademark,http://soundcloud.com/deejaytrademark,77173,35,United States,Chicago,780957
DYRO,http://soundcloud.com/dyro,235652,18,Netherlands,Amsterdam,782695
‚Ä¢FLEGMA‚Ä¢,http://soundcloud.com/oflegmao,24257,18,Serbia,Belgrade,786838
LEX GREEN,http://soundcloud.com/lexgreen,47906,22,unknown_country,unknown_city,787387
Niereich (Official),http://soundcloud.com/niereich,38798,6,Austria,unknown_city,789845
FractaLL,http://soundcloud.com/fractallmusic,280516,202,Brazil,S√£o Paulo 011,796520
KDB Records,http://soundcloud.com/kdb-records,20383,44,Germany,Berlin,796847
Audiofreq,http://soundcloud.com/audiofreqdj,27365,42,Netherlands,Rotterdam,803805
Blackest Ever Black,http://soundcloud.com/blackest-ever-black,29205,7,Britain (UK),London,804339
Cut Snake,http://soundcloud.com/cutsnake,21262,13,Australia,Brisbane,804568
D.VELOPED,http://soundcloud.com/dveloped,29875,8,unknown_country,LA,809534
Eight One Three üç≠,http://soundcloud.com/813,32518,21,unknown_country,Moscow,809548
Dirty Audio,http://soundcloud.com/dirtyaudio,87991,28,United States,Los Angeles,809933
Ritmomusic,http://soundcloud.com/ritmomusic,76081,14,Israel,Tel-Aviv,814237
Urban Compass,http://soundcloud.com/urbancompass,583074,91,unknown_country,unknown_city,818933
KOMES,http://soundcloud.com/komes,27528,9,Australia,Gold Coast,819917
DJ 4B,http://soundcloud.com/dj4b,96515,36,unknown_country,Jersey,825822
TRVSH TVLK,http://soundcloud.com/trvshtvlk,23154,2,unknown_country,unknown_city,826175
DJ Rap,http://soundcloud.com/djrap,23609,1,United States,los angeles,827118
Tom Staar,http://soundcloud.com/tomstaar,42787,52,unknown_country,Ibiza,829077
Brodinski,http://soundcloud.com/brodinskiofficial,143684,47,unknown_country,Paris & Atlanta,831847
Bella Union,http://soundcloud.com/bella-union,58820,35,unknown_country,London,833143
Danny Seth,http://soundcloud.com/dannyseth,35738,16,unknown_country,nodnol ,840342
RichieHawtin,http://soundcloud.com/richiehawtin,326142,34,Canada,Windsor,840950
Gruuv,http://soundcloud.com/gruuv,24877,1,unknown_country,Leeds ‚Üí Ibiza,842261
TheUntz.com,http://soundcloud.com/theuntz,29891,150,United States,Vallejo,842531
Nero,http://soundcloud.com/nero,335714,3,Britain (UK),London,843637
BMB Spacekid,http://soundcloud.com/bmbspacekid,22233,8,unknown_country,Moscow/SaintP/Amsterdam/London,854992
antirecords,http://soundcloud.com/antirecords,23146,29,United States,Los Angeles,856138
Synergy,http://soundcloud.com/synergybass,32412,804,unknown_country,London,856531
J Paul Getto,http://soundcloud.com/jpaulgetto,20849,89,United States,Boston ,857309
Whyel,http://soundcloud.com/whyel,34251,30,unknown_country,Los Angeles,863558
ecologyk,http://soundcloud.com/ecologyk,26184,12,Brazil,SP,865471
Kamikaze Beats ‚úÖ,http://soundcloud.com/kamikazebeats,120334,3411,United States,San Antonio,867732
BUTCH CLANCY,http://soundcloud.com/butchclancy,128304,4,unknown_country,Detroit,872348
kuma,http://soundcloud.com/imkuma,25860,10,unknown_country,unknown_city,879677
Post Hypnotic Press Books,http://soundcloud.com/post-hypnotic-press,1142113,22,Canada,New Westminster,880811
Handbook,http://soundcloud.com/handbook,39869,1527,Britain (UK),York,881037
Glenn Morrison,http://soundcloud.com/glennmorrison,82966,21,Canada,Toronto,884151
rickyxsan,http://soundcloud.com/rickyxsan,51976,26,unknown_country,Los Angeles,890433
Com Truise,http://soundcloud.com/com-truise,190611,35,United States,unknown_city,891320
Boris NYC,http://soundcloud.com/djborisnyc,22529,15,United States,New York,891863
Joeski,http://soundcloud.com/djjoeski,78670,79,United States,New York,893754
David Morales,http://soundcloud.com/davidmorales,998095,52,United States,New York,901695
KITTBALL,http://soundcloud.com/kittball,32074,112,Germany,Solingen,902413
Pete Tong,http://soundcloud.com/petetong,184978,16,Britain (UK),London,902711
Snoop Dogg,http://soundcloud.com/snoopdogg,855127,142,United States,Los Angeles,903649
Dim Mak Records,http://soundcloud.com/dimmakrecords,643225,352,unknown_country,Los Angeles,903800
Muzzy,http://soundcloud.com/muzzydnb,29487,30,unknown_country,Hampshire,912135
REVOLVR,http://soundcloud.com/revolvr,48036,10,unknown_country,unknown_city,913745
Headphone Activist,http://soundcloud.com/headphoneactivist,93736,7,United States,Pittsburgh,917915
Cristian Varela,http://soundcloud.com/cristianvarela,29391,8,Spain,Madrid,920628
BOJAC,http://soundcloud.com/bojacmusic,20236,16,Netherlands,Rotterdam,920759
CYBERPUNKERS,http://soundcloud.com/cyberpunkers,46710,17,Italy,Milan,920919
Enhanced,http://soundcloud.com/enhanced,46362,279,unknown_country,London,921209
Epitaph Records,http://soundcloud.com/epitaph-records,4558854,11,United States,Los Angeles,922374
GETTER,http://soundcloud.com/getterofficial,357642,58,unknown_country,LA,922413
FoF Music,http://soundcloud.com/fofmusic,21270,193,United States,Los Angeles,923750
nehzuil,http://soundcloud.com/nehzuil,47739,12,Australia,Sydney,924635
Trockensaft,http://soundcloud.com/trockensaft,20056,17,Poland,WaWa,925721
PALEMAN,http://soundcloud.com/paleman,28408,19,unknown_country,Manchester/London,926570
SUBFILTRONIK!!!‚Ñ¢,http://soundcloud.com/subfiltronik,22050,11,Britain (UK),Manchester,929234
Nonesuch Records,http://soundcloud.com/nonesuchrecords,1433207,1,United States,New York,931342
BLACKBIRD BLACKBIRD,http://soundcloud.com/blackbirdblackbirdsf,51108,158,United States,los angeles,933137
Loodma Recordings,http://soundcloud.com/loodmarecordings,25518,37,unknown_country,unknown_city,934670
Mutrix,http://soundcloud.com/mutrix,34685,9,United States,Hollywood,937307
5 & A Dime,http://soundcloud.com/fiveandadime,32198,8,United States,Philadelphia,941264
Bastard Jazz,http://soundcloud.com/bastardjazz,36237,85,unknown_country,Brooklyn,946247
djtommylove,http://soundcloud.com/djtommylove,34307,13,Brazil,S√£o Paulo,946620
ICON,http://soundcloud.com/icon-osaka,31088,386,unknown_country,Osaka,947106
Justin Jay,http://soundcloud.com/justin-jay,53870,14,United States,LA,951467
Joe Hertz,http://soundcloud.com/joehertz,28443,17,unknown_country,London,952969
Juke Ellington,http://soundcloud.com/juke-ellington,21913,145,Belgium,Mons,955863
Mikey The Magician,http://soundcloud.com/damsunmtm,33034,48,United States,"Miami,FL",956367
Dj Carnage,http://soundcloud.com/djcarnageofficial,566937,14,unknown_country,"Guatemala City, Guatemala, Los Angeles, CA",956458
jackLNDN,http://soundcloud.com/jacklndn,46994,29,unknown_country,London,958005
Dine Alone Records,http://soundcloud.com/dine-alone-records,100099,122,Canada,Toronto,959773
SQUNTO,http://soundcloud.com/squnto,44559,47,unknown_country,Planet Earth ,961218
EliEscobar,http://soundcloud.com/eliescobar,20480,122,United States,New York,961363
Cosmo's Midnight,http://soundcloud.com/cosmosmidnight,81349,4,Australia,Sydney,967874
ENiGMA Dubz,http://soundcloud.com/enigmadubz,47615,71,Britain (UK),Birmingham,968507
Zimmer,http://soundcloud.com/zimmermusic,83345,16,unknown_country,Paris,970062
hardlyartrecords,http://soundcloud.com/hardlyartrecords,23172,6,United States,Seattle,970196
FatKidOnFire,http://soundcloud.com/fatkidonfire,28038,83,Britain (UK),London,982148
Ben Pearce Productions,http://soundcloud.com/ben-pearce-productions,97703,164,unknown_country,Manchester,983774
Popeska,http://soundcloud.com/popeska,38581,10,unknown_country,unknown_city,984181
Panteros666 (Club cheval),http://soundcloud.com/panteros666,27772,17,France,Paris,987817
Promise Land,http://soundcloud.com/djpromiseland,25123,17,Italy,Rome,988960
Groove Delight,http://soundcloud.com/groove-delight,132907,14,Brazil,S√£o Paulo ,990730
Querox,http://soundcloud.com/queroxmusic,36768,3,Germany,Berlin,994904
WILL K,http://soundcloud.com/willkofficial,20527,150,Britain (UK),Liverpool,998211
Kayoh,http://soundcloud.com/kayohofficial,23356,29,United States,Baltimore,609129
FractaLL,http://soundcloud.com/fractallmusic,280667,202,Brazil,S√£o Paulo 011,796520
Audiofreq,http://soundcloud.com/audiofreqdj,27365,42,Netherlands,Rotterdam,803805
Blackest Ever Black,http://soundcloud.com/blackest-ever-black,29205,7,Britain (UK),London,804339
Cut Snake,http://soundcloud.com/cutsnake,21261,13,Australia,Brisbane,804568
D.VELOPED,http://soundcloud.com/dveloped,29875,8,unknown_country,LA,809534
Eight One Three üç≠,http://soundcloud.com/813,32518,21,unknown_country,Moscow,809548
Dirty Audio,http://soundcloud.com/dirtyaudio,87992,28,United States,Los Angeles,809933
Ritmomusic,http://soundcloud.com/ritmomusic,76083,14,Israel,Tel-Aviv,814237
Urban Compass,http://soundcloud.com/urbancompass,583073,90,unknown_country,unknown_city,818933
KOMES,http://soundcloud.com/komes,27528,9,Australia,Gold Coast,819917
DJ 4B,http://soundcloud.com/dj4b,96520,36,unknown_country,Jersey,825822
TRVSH TVLK,http://soundcloud.com/trvshtvlk,23154,2,unknown_country,unknown_city,826175
DJ Rap,http://soundcloud.com/djrap,23609,1,United States,los angeles,827118
Tom Staar,http://soundcloud.com/tomstaar,42788,52,unknown_country,Ibiza,829077
Brodinski,http://soundcloud.com/brodinskiofficial,143684,47,unknown_country,Paris & Atlanta,831847
Bella Union,http://soundcloud.com/bella-union,58822,35,unknown_country,London,833143
Danny Seth,http://soundcloud.com/dannyseth,35737,16,unknown_country,nodnol ,840342
RichieHawtin,http://soundcloud.com/richiehawtin,326146,34,Canada,Windsor,840950
Gruuv,http://soundcloud.com/gruuv,24878,1,unknown_country,Leeds ‚Üí Ibiza,842261
TheUntz.com,http://soundcloud.com/theuntz,29892,150,United States,Vallejo,842531
Nero,http://soundcloud.com/nero,335714,3,Britain (UK),London,843637
BMB Spacekid,http://soundcloud.com/bmbspacekid,22233,8,unknown_country,Moscow/SaintP/Amsterdam/London,854992
J Paul Getto,http://soundcloud.com/jpaulgetto,20849,89,United States,Boston ,857309
Whyel,http://soundcloud.com/whyel,34251,30,unknown_country,Los Angeles,863558
ecologyk,http://soundcloud.com/ecologyk,26184,12,Brazil,SP,865471
Kamikaze Beats ‚úÖ,http://soundcloud.com/kamikazebeats,120334,3411,United States,San Antonio,867732
